date,year,round,home_team,away_team,bet_side,bet_team,model_prob,market_prob,edge,odds,ev_per_dollar,bet_amount,bet_fraction,won,profit,bankroll
2024-03-07 19:30:00,2024,0,Sydney,Melbourne,away,Melbourne,0.5548128942453281,0.45097999999999994,0.10383289424532816,2.2173932325158545,0.23023835701212503,47.281016285986,0.047281016285986,False,-47.281016285986,952.718983714014
2024-03-09 16:20:00,2024,0,Gold Coast,Richmond,away,Richmond,0.5103770713537279,0.4153233333333334,0.09505373802039452,2.407762626708508,0.22886683793444762,38.722043245415605,0.04064371961442845,False,-38.722043245415605,913.9969404685984
2024-03-14 19:30:00,2024,1,Carlton,Richmond,home,Carlton,0.7523276639326895,0.6228199999999999,0.12950766393268953,1.6056003339648697,0.20793754846133644,78.45697584821151,0.08583942940551562,True,47.513570775550605,961.510511244149
2024-03-15 19:40:00,2024,1,Collingwood,Sydney,away,Sydney,0.44888398311456557,0.39790000000000003,0.050983983114565534,2.513194269917064,0.12813265422107434,20.354440985612413,0.02116923397880979,True,30.800223466793746,992.3107347109428
2024-03-16 19:30:00,2024,1,Geelong,St Kilda,away,St Kilda,0.414711168955614,0.34693666666666656,0.06777450228894744,2.8823704614675116,0.19535122343832434,25.74534609749969,0.025944842877265895,False,-25.74534609749969,966.5653886134431
2024-03-17 16:00:00,2024,1,Port Adelaide,West Coast,away,West Coast,0.2010964537959964,0.10023666666666675,0.10085978712932964,9.97638921219779,1.0062164922616095,27.087006029955,0.028023976803899255,False,-27.087006029955,939.4783825834882
2024-03-22 19:40:00,2024,2,Adelaide,Geelong,away,Geelong,0.4845798743156451,0.3747333333333335,0.10984654098231161,2.6685643123999276,0.2931325591059728,41.26177523767978,0.043919877245299985,True,68.84792562785952,1008.3263082113476
2024-03-24 13:00:00,2024,2,Western Bulldogs,Gold Coast,home,Western Bulldogs,0.7047793204249378,0.5893033333333334,0.11547598709160445,1.6969189608068282,0.19595339201362816,70.87802580440884,0.07029274673011172,True,49.39624008764816,1057.722548298996
2024-03-29 19:30:00,2024,3,Fremantle,Adelaide,home,Fremantle,0.6911012553118818,0.5663633333333333,0.1247379219785485,1.76565102496042,0.2202436397928571,76.06489651744067,0.07191384606460968,True,58.23916598208674,1115.9617142810825
2024-03-30 16:20:00,2024,3,Essendon,St Kilda,away,St Kilda,0.6848261875092162,0.5598366666666666,0.12498952084254955,1.7862352710016614,0.22326069063455933,79.22259158340239,0.07099042070133978,False,-79.22259158340239,1036.7391226976802
2024-03-30 19:30:00,2024,3,Port Adelaide,Melbourne,away,Melbourne,0.49510054463250763,0.44272333333333347,0.052377211299174165,2.2587469977487813,0.1183068687724631,24.360208914029904,0.023496951528792165,True,30.663339835068243,1067.4024625327484
2024-04-01 15:20:00,2024,3,Hawthorn,Geelong,away,Geelong,0.7365488761076877,0.6409466666666666,0.09560220944102116,1.5601922156809722,0.1491578229717832,71.0521420547441,0.06656546574396177,True,39.80285688652628,1107.2053194192747
2024-04-06 13:30:00,2024,4,West Coast,Sydney,home,West Coast,0.1802115160289477,0.11281666666666666,0.06739484936228103,8.863938543359433,0.5973838028862257,21.027202865448217,0.018991240826477344,False,-21.027202865448217,1086.1781165538264
2024-04-06 16:20:00,2024,4,Fremantle,Carlton,home,Fremantle,0.5784216424308979,0.4602733333333333,0.11814830909756457,2.1726220651496937,0.2566916233054951,59.442174981909986,0.054725992059668126,False,-59.442174981909986,1026.7359415719163
2024-04-06 20:10:00,2024,4,Western Bulldogs,Geelong,home,Western Bulldogs,0.5619429177620777,0.4920933333333333,0.0698495844287444,2.0321348253718807,0.14194377305540495,35.300323634027556,0.03438111222636594,False,-35.300323634027556,991.4356179378888
2024-04-07 17:10:00,2024,4,Collingwood,Hawthorn,home,Collingwood,0.7572799911375586,0.7072399999999999,0.05003999113755875,1.4139471749335448,0.07075390410265087,42.36527320592981,0.04273123987016563,True,17.536985158882448,1008.9726030967712
2024-04-12 19:40:00,2024,5,Western Bulldogs,Essendon,home,Western Bulldogs,0.7680727286388811,0.6914,0.07667272863888108,1.4463407578825571,0.11089489244848294,62.67067611900861,0.06211335761412922,False,-62.67067611900861,946.3019269777626
2024-04-13 13:45:00,2024,5,Greater Western Sydney,St Kilda,home,Greater Western Sydney,0.7724646776858628,0.7004933333333334,0.07197134435252939,1.4275653349068274,0.10274379630431318,56.84900323418956,0.060074910146014605,True,24.30666310694557,970.6085900847082
2024-04-13 19:30:00,2024,5,Port Adelaide,Fremantle,away,Fremantle,0.3671505592998524,0.2922066666666666,0.0749438926331858,3.4222354041660017,0.256475642695304,25.6929468456504,0.026470965853916555,False,-25.6929468456504,944.9156432390578
2024-04-21 13:05:00,2024,6,Sydney,Gold Coast,away,Gold Coast,0.38443359959478807,0.29374,0.09069359959478807,3.404371212637026,0.3087546796309256,30.335075255137884,0.032103474497631214,False,-30.335075255137884,914.5805679839199
2024-04-21 16:05:00,2024,6,North Melbourne,Hawthorn,home,North Melbourne,0.42734738386189136,0.32506999999999997,0.10227738386189139,3.0762604977389487,0.3146318757864195,34.648373840367896,0.03788444129831663,False,-34.648373840367896,879.932194143552
2024-04-28 13:00:00,2024,7,Gold Coast,West Coast,away,West Coast,0.32434989483776266,0.2024066666666665,0.12194322817109615,4.94054873027898,0.602466461106829,33.63298307581779,0.03822224405433098,False,-33.63298307581779,846.2992110677342
2024-04-28 16:00:00,2024,7,Hawthorn,Sydney,away,Sydney,0.720695074283097,0.6660600000000001,0.054635074283096885,1.501366243281386,0.08202725622781265,34.61521550459062,0.04090186431926163,True,17.354900557912185,863.6541116256464
2024-05-04 13:45:00,2024,8,Sydney,Greater Western Sydney,home,Sydney,0.6099118033008486,0.5243566666666666,0.08555513663418202,1.9070988576477845,0.1631621033409486,38.83689749574536,0.044968115097192216,True,35.22890535297472,898.8830169786211
2024-05-04 19:30:00,2024,8,Melbourne,Geelong,home,Melbourne,0.5901347486129224,0.5099800000000001,0.08015474861292227,1.9608612102435385,0.15717233737190128,36.758572230902054,0.040893610777581656,True,35.319886200609076,934.2029031792301
2024-05-05 13:00:00,2024,8,Richmond,Fremantle,away,Fremantle,0.6374583650917245,0.57639,0.06106836509172453,1.7349364145804058,0.10594973037652383,33.66908474841141,0.03604044114381421,True,24.744636427201304,958.9475396064314
2024-05-05 16:00:00,2024,8,Western Bulldogs,Hawthorn,home,Western Bulldogs,0.7797434789973418,0.7195033333333335,0.06024014566400826,1.389847626371895,0.08372462346341908,51.486475896951056,0.053690607432062436,False,-51.486475896951056,907.4610637094803
2024-05-05 19:10:00,2024,8,Brisbane Lions,Gold Coast,home,Brisbane Lions,0.7233390457374543,0.6232233333333334,0.10011571240412098,1.6045612327309098,0.16064179091088965,60.28180544991909,0.06642908204072329,True,36.44404261404796,943.9051063235282
2024-05-11 13:45:00,2024,9,Hawthorn,St Kilda,away,St Kilda,0.6631651204705409,0.5613033333333333,0.10186178713720762,1.7815678985218928,0.18147369004971936,54.791766340856555,0.05804796051402693,False,-54.791766340856555,889.1133399826717
2024-05-12 13:00:00,2024,9,Collingwood,West Coast,away,West Coast,0.23691570293951458,0.14257999999999993,0.09433570293951465,7.013606396409037,0.661633489546323,24.45567280917317,0.027505686518717393,False,-24.45567280917317,864.6576671734986
2024-05-12 16:00:00,2024,9,Adelaide,Brisbane Lions,away,Brisbane Lions,0.5192362158882259,0.4670133333333333,0.0522228825548926,2.141266487751956,0.11182310830859787,21.180133869666406,0.02449539820644011,True,24.172176991550426,888.8298441650489
2024-05-16 19:30:00,2024,10,Gold Coast,Geelong,away,Geelong,0.6462201340730438,0.595648275862069,0.05057185821097476,1.678843103428313,0.08490221538504944,27.79126078207628,0.03126724531643388,False,-27.79126078207628,861.0385833829727
2024-05-17 19:40:00,2024,10,Sydney,Carlton,home,Sydney,0.7515164636880242,0.6871275862068965,0.06438887748112765,1.45533379837103,0.09370730963745638,44.30025260123462,0.0514497880306146,True,20.17140228571626,881.2099856686889
2024-05-18 19:30:00,2024,10,St Kilda,Fremantle,away,Fremantle,0.5587055710288777,0.4593966666666667,0.09930890436221107,2.176768079872877,0.2161724530628094,40.46959794448667,0.04592503330948652,True,47.623331066360905,928.8333167350498
2024-05-19 18:20:00,2024,10,West Coast,Melbourne,home,West Coast,0.2479195456574342,0.1895,0.05841954565743421,5.277044854881266,0.3082825628360645,16.73720553829405,0.01801960075799945,True,71.5857788326508,1000.4190955677007
2024-05-24 20:10:00,2024,11,Fremantle,Collingwood,away,Collingwood,0.541077522800526,0.42323999999999995,0.11783752280052606,2.362725640298649,0.2784177365100796,51.098770712272255,0.051077364415236,True,69.63360503735505,1070.0527006050556
2024-05-26 13:10:00,2024,11,Hawthorn,Brisbane Lions,away,Brisbane Lions,0.7214000563574892,0.6280666666666667,0.0933333896908225,1.592187665852882,0.14860427187796815,67.13007194072999,0.06273529509600008,False,-67.13007194072999,1002.9226286643257
2024-05-30 19:30:00,2024,12,Port Adelaide,Carlton,home,Port Adelaide,0.6604526268694417,0.59495,0.06550262686944175,1.6808135137406506,0.11009770042766914,40.546887251153564,0.0404287290886568,False,-40.546887251153564,962.3757414131721
2024-05-31 19:40:00,2024,12,Collingwood,Western Bulldogs,home,Collingwood,0.5969895552342186,0.49621000000000004,0.10077955523421855,2.0152757904919287,0.2030985978400648,48.12908115872725,0.05001069653735612,False,-48.12908115872725,914.2466602544449
2024-06-01 13:45:00,2024,12,Hawthorn,Adelaide,away,Adelaide,0.6070549647322516,0.5287299999999999,0.0783249647322517,1.891324494543529,0.1481379243323656,37.986895739707734,0.04154994203548478,False,-37.986895739707734,876.2597645147372
2024-06-02 13:00:00,2024,12,Melbourne,Fremantle,home,Melbourne,0.6935474402074314,0.6087233333333334,0.08482410687409803,1.642782435370201,0.13934755286873302,47.490662136768144,0.054197013328653676,False,-47.490662136768144,828.769102377969
2024-06-02 16:00:00,2024,12,Gold Coast,Essendon,away,Essendon,0.45488853827469156,0.3931433333333334,0.061745204941358156,2.5436015702500354,0.1570552002442488,21.080973846951693,0.02543648621366858,False,-21.080973846951693,807.6881285310174
2024-06-06 19:30:00,2024,13,Adelaide,Richmond,home,Adelaide,0.8848385736141962,0.789,0.09583857361419612,1.2674271229404308,0.12146840762255523,80.76881285310174,0.1,False,-80.76881285310174,726.9193156779156
2024-06-08 19:30:00,2024,13,St Kilda,Gold Coast,away,Gold Coast,0.5259388081101406,0.45784666666666674,0.06809214144347386,2.184137338555848,0.1487225885889173,22.824489778937313,0.03139893147240349,False,-22.824489778937313,704.0948258989783
2024-06-09 19:20:00,2024,13,Essendon,Carlton,home,Essendon,0.47164057146714433,0.38636000000000004,0.0852805714671443,2.58825965420851,0.22072826241625498,24.462880972444896,0.03474373063487725,False,-24.462880972444896,679.6319449265335
2024-06-10 15:20:00,2024,13,Collingwood,Melbourne,home,Collingwood,0.5895958993440579,0.5390633333333333,0.05053256601072453,1.8550695960276775,0.0937414268157567,18.62704174109087,0.0274075429799057,True,15.927417056745258,695.5593619832788
2024-06-15 19:30:00,2024,14,Adelaide,Sydney,home,Adelaide,0.4243267144821311,0.3394166666666667,0.0849100478154644,2.9462312791554135,0.25016463878850304,22.35144897861516,0.032134495199494545,False,-22.35144897861516,673.2079130046636
2024-06-21 19:40:00,2024,15,Carlton,Geelong,home,Carlton,0.6654319913034875,0.5818566666666666,0.08357532463682094,1.7186363193684586,0.14363558832384993,33.63892557422979,0.049968107808020905,True,24.174153662174007,697.3820666668377
2024-06-22 19:30:00,2024,15,Melbourne,North Melbourne,away,North Melbourne,0.28421398755051774,0.16291333333333324,0.1213006542171845,6.138233007324962,0.7445716795260336,25.26408085762314,0.036227029723281685,False,-25.26408085762314,672.1179858092145
2024-06-23 13:00:00,2024,15,Essendon,West Coast,away,West Coast,0.2496985017115112,0.18304333333333334,0.06665516837817786,5.4631872234261465,0.36414966425897966,13.709459553377455,0.020397400222628446,False,-13.709459553377455,658.408526255837
2024-06-28 19:40:00,2024,16,Brisbane Lions,Melbourne,away,Melbourne,0.3046846704760595,0.2308862068965517,0.07379846357950781,4.3311378944695855,0.31963132216283996,15.794001512203206,0.02398814851626959,False,-15.794001512203206,642.6145247436339
2024-06-29 13:45:00,2024,16,North Melbourne,Western Bulldogs,home,North Melbourne,0.22262572865734329,0.11777666666666668,0.1048490619906766,8.490646138171114,0.890236283282002,19.093104771549093,0.029711598534387533,False,-19.093104771549093,623.5214199720848
2024-06-29 19:30:00,2024,16,Adelaide,Greater Western Sydney,home,Adelaide,0.554074112322031,0.4793666666666666,0.07470744565536436,2.0860858076628888,0.15584614210840209,22.3678016826558,0.035873349280698665,True,24.293351956150545,647.8147719282354
2024-06-30 13:10:00,2024,16,St Kilda,Port Adelaide,away,Port Adelaide,0.5141007766954869,0.44283000000000006,0.07127077669548687,2.258202922114581,0.1609438761951243,20.716415972743977,0.031978918775008934,True,26.06545511264765,673.880227040883
2024-07-06 13:45:00,2024,17,Port Adelaide,Western Bulldogs,away,Western Bulldogs,0.6348934701691364,0.5342566666666666,0.10063680350246984,1.8717595163373413,0.18836789464951909,36.402642367172795,0.0540194546544609,False,-36.402642367172795,637.4775846737102
2024-07-07 16:10:00,2024,17,Brisbane Lions,Adelaide,away,Adelaide,0.2961518635458572,0.23787000000000003,0.05828186354585718,4.203976962206247,0.24501561166123176,12.187350453169342,0.019118084692197262,False,-12.187350453169342,625.2902342205409
2024-07-12 19:40:00,2024,18,Collingwood,Geelong,home,Collingwood,0.6467503185064039,0.4974,0.14935031850640385,2.010454362685967,0.3002619994097382,46.45209691592799,0.07428885719578383,False,-46.45209691592799,578.8381373046129
2024-07-13 13:45:00,2024,18,Sydney,North Melbourne,away,North Melbourne,0.13641853867633913,0.06345,0.07296853867633912,15.760441292356184,1.1500163699974641,11.274617748452227,0.01947801470192171,False,-11.274617748452227,567.5635195561607
2024-07-13 19:30:00,2024,18,Melbourne,Essendon,home,Melbourne,0.5780624613149488,0.51032,0.06774246131494877,1.9595547891519047,0.13274506449864554,19.62922202627706,0.03458506642855987,True,18.835314002640207,586.3988335588009
2024-07-14 15:20:00,2024,18,Richmond,Greater Western Sydney,away,Greater Western Sydney,0.7780005214013797,0.71865,0.05935052140137964,1.3914979475405274,0.08258612871547993,30.92507243724514,0.0527372679948282,True,12.107102386723607,598.5059359455245
2024-07-20 13:45:00,2024,19,Greater Western Sydney,Gold Coast,away,Gold Coast,0.43784914857094015,0.3579399999999999,0.07990914857094022,2.7937643180421308,0.22324732796262026,18.622130235515595,0.031114361808452583,False,-18.622130235515595,579.8838057100089
2024-07-20 16:35:00,2024,19,Hawthorn,Collingwood,home,Hawthorn,0.545878426174568,0.48554,0.06033842617456803,2.0595625489146103,0.12427076280958937,17.002913832300337,0.029321242747039632,True,18.01565071912763,597.8994564291365
2024-07-21 13:10:00,2024,19,Brisbane Lions,Sydney,home,Brisbane Lions,0.5824265972142383,0.50651,0.07591659721423827,1.974294683224418,0.14988173424856022,22.994636268385758,0.03845903524602234,True,22.403551858967614,620.3030082881041
2024-07-21 15:20:00,2024,19,Fremantle,Melbourne,away,Melbourne,0.39849192844495207,0.32394333333333336,0.07454859511161871,3.0869596534373294,0.2301285053300023,17.10016337809045,0.02756743583314714,False,-17.10016337809045,603.2028449100137
2024-07-27 16:35:00,2024,20,St Kilda,Essendon,home,St Kilda,0.5298867681146684,0.47328000000000003,0.05660676811466836,2.1129141311697093,0.11960524026932973,16.206601025179133,0.026867580552603076,True,18.036555299151352,621.2394002091651
2024-08-02 20:30:00,2024,21,West Coast,Gold Coast,away,Gold Coast,0.7672003506943413,0.6987099999999999,0.0684903506943414,1.4312089421934708,0.09802400236770814,35.305606214500976,0.056830919292327454,False,-35.305606214500976,585.9337939946641
2024-08-04 13:10:00,2024,21,Greater Western Sydney,Hawthorn,home,Greater Western Sydney,0.6005945989642907,0.5110466666666666,0.08954793229762403,1.95676846211044,0.17522456976719147,26.827283985276786,0.04578552092443586,True,25.667499241193305,611.6012932358575
2024-08-09 19:40:00,2024,22,Sydney,Collingwood,away,Collingwood,0.37371834937255966,0.28180000000000005,0.0919183493725596,3.548616039744499,0.32618292893030365,19.568846194779596,0.03199608374149248,False,-19.568846194779596,592.032447041078
2024-08-10 13:45:00,2024,22,Brisbane Lions,Greater Western Sydney,away,Greater Western Sydney,0.3401704995424255,0.2664266666666667,0.07374383287575881,3.7533780402362122,0.2767884829187224,14.87879256503228,0.025131718099903264,True,40.966940713789704,632.9993877548676
2024-08-10 19:30:00,2024,22,Melbourne,Port Adelaide,home,Melbourne,0.44058697585995077,0.38365000000000005,0.05693697585995072,2.606542421477909,0.1484086429296252,14.618751869863909,0.023094417076316508,False,-14.618751869863909,618.3806358850037
2024-08-10 19:30:00,2024,22,Essendon,Gold Coast,home,Essendon,0.638947663167323,0.5792566666666666,0.059690996500656346,1.726350437629836,0.10304757793146907,21.932466570683665,0.03546758306765981,False,-21.932466570683665,596.44816931432
2024-08-11 13:10:00,2024,22,Carlton,Hawthorn,home,Carlton,0.5994170179378417,0.5170366666666667,0.08238035127117505,1.934098806661036,0.1593317390858966,25.434441039259177,0.04264317060189613,False,-25.434441039259177,571.0137282750609
2024-08-16 19:40:00,2024,23,Essendon,Sydney,away,Sydney,0.6535615477383983,0.5551066666666666,0.09845488107173161,1.8014555761054933,0.1773620945014741,31.5913301545954,0.05532499236056486,True,25.3190477089901,596.332775984051
2024-08-17 13:45:00,2024,23,Gold Coast,Melbourne,away,Melbourne,0.4314743372005717,0.3773833333333334,0.05409100386723831,2.649825553151084,0.14333172424300222,12.951885252528685,0.021719224188467355,True,21.368351251102503,617.7011272351534
2024-08-18 13:10:00,2024,23,Western Bulldogs,North Melbourne,away,North Melbourne,0.15209957357987403,0.09830666666666688,0.05379290691320715,10.17225010172248,0.5471949028198193,9.212649691749526,0.014914412950783478,False,-9.212649691749526,608.4884775434039
2024-08-18 16:40:00,2024,23,West Coast,Carlton,away,Carlton,0.710195133515551,0.63107,0.07912513351555095,1.5846102651052973,0.12538249879656926,32.625926346662084,0.053617985468483835,True,19.073451450828028,627.5619289942318
2024-08-23 19:40:00,2024,24,Melbourne,Collingwood,home,Melbourne,0.5702296523962769,0.4806266666666667,0.08960298572961017,2.080616972286182,0.18642949287654353,27.06695692635202,0.043130336108391946,False,-27.06695692635202,600.4949720678799
2024-08-24 13:45:00,2024,24,Geelong,West Coast,away,West Coast,0.15087711980428653,0.09654333333333343,0.054333786470953105,10.358043020405335,0.5627916977276496,9.028425710110742,0.015034973030698699,False,-9.028425710110742,591.4665463577692
2024-08-25 12:30:00,2024,24,Western Bulldogs,Greater Western Sydney,away,Greater Western Sydney,0.3583354997127063,0.3076966666666666,0.050638833046039666,3.2499539589855817,0.16457387593638662,10.815770432997374,0.018286360402968722,False,-10.815770432997374,580.6507759247718
2024-08-25 15:20:00,2024,24,Carlton,St Kilda,home,Carlton,0.6365533488390979,0.5450933333333333,0.09146001550576455,1.8345482119270096,0.167787807908917,29.18528835741793,0.05026306614494068,False,-29.18528835741793,551.4654875673539
2024-09-13 19:40:00,2024,26,Port Adelaide,Hawthorn,home,Port Adelaide,0.5218936098139533,0.4178111111111111,0.1040824987028422,2.393426056431668,0.24911376441389788,24.647458492352722,0.044694471454738816,True,34.34441088806228,585.8098984554161
2024-09-20 19:40:00,2024,27,Sydney,Port Adelaide,away,Port Adelaide,0.44575636331744095,0.3778714285714285,0.06788493474601243,2.6464027825034973,0.17965088020191555,15.980485608825605,0.027279302809598772,False,-15.980485608825605,569.8294128465906
2024-09-21 17:15:00,2024,27,Geelong,Brisbane Lions,home,Geelong,0.5701587865370821,0.49992142857142857,0.0702373579656535,2.000314335109803,0.14049679399893544,20.008512029984505,0.03511316120035242,False,-20.008512029984505,549.820900816606
2024-09-28 14:30:00,2024,28,Sydney,Brisbane Lions,home,Sydney,0.6127755498577536,0.4656,0.1471755498577536,2.147766323024055,0.3160986895570309,37.85562939790859,0.06885083732117964,False,-37.85562939790859,511.9652714186974
2025-03-09 15:20:00,2025,0,Greater Western Sydney,Collingwood,home,Greater Western Sydney,0.6248262759769366,0.5510821428571429,0.07374413311979378,1.8146115111177359,0.13381695283657646,21.02524689511145,0.04106772093515012,True,17.127408144850225,529.0926795635477
2025-03-13 19:30:00,2025,1,Richmond,Carlton,home,Richmond,0.3372206779235839,0.2207464285714286,0.1164742493521553,4.530084615509068,0.527638205093166,19.77073796944845,0.037367249128749,True,69.79237794321097,598.8850575067586
2025-03-14 19:40:00,2025,1,Hawthorn,Essendon,home,Hawthorn,0.8212429937866357,0.7562571428571429,0.06498585092949283,1.3223015603158412,0.08593089208252108,39.918149322653385,0.0666541080334149,True,12.865681811611926,611.7507393183705
2025-03-15 16:15:00,2025,1,Sydney,Brisbane Lions,home,Sydney,0.49460455327591685,0.4294464285714286,0.06515812470448823,2.328579150900245,0.15172585069862954,17.465726689241958,0.028550397354162173,False,-17.465726689241958,594.2850126291286
2025-03-15 19:35:00,2025,1,Collingwood,Port Adelaide,away,Port Adelaide,0.5236337826892068,0.42774999999999996,0.09588378268920683,2.33781414377557,0.22415846332953082,24.893968984877187,0.041888939575887636,False,-24.893968984877187,569.3910436442513
2025-03-16 12:35:00,2025,1,Adelaide,St Kilda,away,St Kilda,0.6046568872992396,0.33881785714285717,0.26583903015638244,2.9514382991282715,0.7846074950066627,56.939104364425134,0.1,False,-56.939104364425134,512.4519392798262
2025-03-16 18:10:00,2025,1,West Coast,Gold Coast,home,West Coast,0.4649856084700279,0.35729642857142857,0.10768917989859933,2.7987965174974763,0.3014001016723591,21.466167114890734,0.04188913236440902,False,-21.466167114890734,490.9857721649355
2025-03-20 19:30:00,2025,2,Carlton,Hawthorn,away,Hawthorn,0.758742615937171,0.6423821428571428,0.11636047308002817,1.5567057881657003,0.1811390219573789,39.93881708055521,0.08134414344523751,True,22.234170641236222,513.2199428061717
2025-03-21 19:40:00,2025,2,Western Bulldogs,Collingwood,home,Western Bulldogs,0.6089705586078565,0.48092142857142856,0.12804913003642798,2.0793417398149385,0.2662579008317354,31.65097290223949,0.061671362046414366,False,-31.65097290223949,481.5689699039322
2025-03-23 15:20:00,2025,2,North Melbourne,Melbourne,away,Melbourne,0.7332031204915381,0.6688571428571428,0.06434597763439531,1.49508756941478,0.09620287130302585,23.394001635893055,0.048578714780065466,False,-23.394001635893055,458.17496826803915
2025-03-23 18:10:00,2025,2,Fremantle,Sydney,away,Sydney,0.5302111344539092,0.4624071428571428,0.06780399159676642,2.1625963513910134,0.14663266483691406,14.446849174764758,0.0315312930109991,True,16.79585413967778,474.9708224077169
2025-03-27 19:30:00,2025,3,Essendon,Port Adelaide,away,Port Adelaide,0.7149279228703469,0.5414464285714287,0.17348149429891824,1.8469047854622207,0.3204038020098091,44.92313066223281,0.09458082169028607,False,-44.92313066223281,430.04769174548414
2025-03-28 19:40:00,2025,3,Carlton,Western Bulldogs,away,Western Bulldogs,0.623351595707107,0.5304249999999999,0.09292659570710704,1.8852806711599193,0.17519271472330122,21.276083685038166,0.04947377719592558,True,18.835305644345198,448.88299738982937
2025-03-29 13:20:00,2025,3,Melbourne,Gold Coast,home,Melbourne,0.5737404700149081,0.45311785714285713,0.120622612872051,2.2069313407896085,0.26620582475526133,24.751877861709218,0.055141045674789994,False,-24.751877861709218,424.13111952812017
2025-03-29 19:35:00,2025,3,Hawthorn,Greater Western Sydney,home,Hawthorn,0.7244825794827532,0.6232285714285714,0.10125400805418183,1.6045477467565215,0.16246689047340407,28.49537712795802,0.06718530146918106,True,17.226816035684337,441.3579355638045
2025-03-30 15:20:00,2025,3,Adelaide,North Melbourne,home,Adelaide,0.8820593356531197,0.8274285714285715,0.054630764224548156,1.208563535911602,0.06602474958077292,34.930059854084575,0.07914224949748284,True,7.285136792771777,448.6430723565763
2025-04-03 19:30:00,2025,4,Collingwood,Carlton,home,Collingwood,0.7291968110628351,0.6419428571428571,0.08725395391997792,1.5577710521630763,0.13592168360331258,27.332147076825947,0.06092180791572031,True,15.24508043291716,463.88815278949346
2025-04-05 19:35:00,2025,4,North Melbourne,Sydney,away,Sydney,0.7274763450560655,0.64175,0.08572634505606547,1.5582391897156211,0.13358215045744515,27.751176450420747,0.059822990269410646,True,15.491794255338105,479.37994704483157
2025-04-06 15:20:00,2025,4,Port Adelaide,St Kilda,away,St Kilda,0.4503116771325033,0.39737857142857147,0.05293310570393184,2.5164920101378674,0.13320573757572762,10.52695282900217,0.02195951852783214,True,15.96403985628001,495.3439869011116
2025-04-06 17:10:00,2025,4,Fremantle,Western Bulldogs,away,Western Bulldogs,0.5717480142111926,0.48943928571428574,0.08230872849690685,2.043154338419328,0.16816943571823373,19.96390076127316,0.040303105093024316,False,-19.96390076127316,475.3800861398384
2025-04-10 19:40:00,2025,5,Adelaide,Geelong,away,Geelong,0.5205182918307236,0.4529464285714285,0.0675718632592951,2.2077666075300613,0.1491829033124591,14.6796949396332,0.030879911396446257,True,17.729645356816995,493.1097314966554
2025-04-11 19:40:00,2025,5,Collingwood,Sydney,home,Collingwood,0.6129809987236626,0.5346357142857143,0.0783452844379483,1.8704324707076914,0.14653956393956846,20.754075548539582,0.042088148383419906,True,18.065021256969395,511.1747527536248
2025-04-12 12:35:00,2025,5,North Melbourne,Gold Coast,home,North Melbourne,0.3190948188057447,0.2248928571428572,0.0942019616628875,4.446561854851516,0.4188748493823806,15.531292965651334,0.03038352908078205,False,-15.531292965651334,495.6434597879734
2025-04-13 12:35:00,2025,5,Richmond,Fremantle,home,Richmond,0.27232735716116624,0.2086464285714285,0.06368092858973773,4.792797110628029,0.3052097705470047,9.97121795752753,0.02011772325573109,False,-9.97121795752753,485.6722418304459
2025-04-13 15:20:00,2025,5,St Kilda,Greater Western Sydney,home,St Kilda,0.6073134371450098,0.43729999999999997,0.17001343714500988,2.2867596615595702,0.3887798699863021,36.68509292674452,0.07553467084814727,False,-36.68509292674452,448.9871489037014
2025-04-19 13:20:00,2025,6,Melbourne,Fremantle,away,Fremantle,0.7134833808576264,0.63835,0.07513338085762644,1.5665387326701654,0.11769935122993103,23.31945420901537,0.05193791017394335,False,-23.31945420901537,425.667694694686
2025-04-19 16:15:00,2025,6,Adelaide,Greater Western Sydney,away,Greater Western Sydney,0.4990775982743947,0.4403392857142857,0.058738312560108974,2.270976114197656,0.13339330481228362,11.168821332058489,0.026238357928640616,False,-11.168821332058489,414.49887336262753
2025-04-19 19:35:00,2025,6,Richmond,Gold Coast,home,Richmond,0.2676594761625999,0.18988214285714286,0.07777733330545702,5.266424661914345,0.4096084662577908,9.948742872414089,0.024001857451878654,True,42.44556194591203,456.9444353085396
2025-04-26 19:35:00,2025,7,Greater Western Sydney,Western Bulldogs,home,Greater Western Sydney,0.6604694019978653,0.5491214285714284,0.11134797342643687,1.8210908334092126,0.20277477372557684,28.211496433998246,0.06173944631790774,False,-28.211496433998246,428.73293887454133
2025-05-02 19:40:00,2025,8,St Kilda,Fremantle,home,St Kilda,0.5222762041322115,0.45162142857142845,0.07065477556078309,2.214243914783242,0.15644690683583962,13.80981640693144,0.03221076608478771,True,16.768485536390273,445.5014244109316
2025-05-03 19:35:00,2025,8,West Coast,Melbourne,away,Melbourne,0.713966761723333,0.6247428571428572,0.0892239045804758,1.600658556663313,0.1428170063256496,26.481425696165406,0.05944184293278235,True,15.906294937045478,461.40771934797704
2025-05-04 19:20:00,2025,8,Brisbane Lions,Gold Coast,home,Brisbane Lions,0.6861069258169691,0.6154535714285714,0.0706533543883977,1.6248179333476473,0.1147988372614353,21.19380176910133,0.045932915468017414,True,13.242267421149606,474.64998676912666
2025-05-09 19:40:00,2025,9,St Kilda,Carlton,home,St Kilda,0.562687303169974,0.4409285714285714,0.12175873174140256,2.2679410335331283,0.27614162390727937,25.843200643322884,0.05444685845086353,False,-25.843200643322884,448.8067861258038
2025-05-10 16:15:00,2025,9,Essendon,Sydney,home,Essendon,0.48700410083676515,0.4335321428571428,0.05347195797962234,2.306634044270898,0.12334023868961974,10.591323632082153,0.023598849125051616,True,13.838984031569439,462.64577015737325
2025-05-10 20:10:00,2025,9,Port Adelaide,Adelaide,home,Port Adelaide,0.46218713125685656,0.36161071428571434,0.10057641697114222,2.765404786125569,0.27813450486335767,18.222131437097968,0.03938678922947797,False,-18.222131437097968,444.4236387202753
2025-05-16 19:40:00,2025,10,Sydney,Carlton,away,Carlton,0.49870815793000256,0.4038285714285714,0.09487958650143113,2.4762982878166127,0.23495015760224225,17.682301202475806,0.039787040251486765,False,-17.682301202475806,426.7413375177995
2025-05-17 19:35:00,2025,10,Western Bulldogs,Essendon,away,Essendon,0.31451241144217024,0.24121071428571428,0.07330169715645596,4.145752824294112,0.303890718011929,10.306176192717482,0.024150873811908623,False,-10.306176192717482,416.435161325082
2025-05-18 13:10:00,2025,10,Richmond,North Melbourne,home,Richmond,0.6552904741608804,0.44980357142857136,0.20548690273230902,2.2231926634642107,0.4568369745924532,38.88246408273951,0.09336979125157656,False,-38.88246408273951,377.5526972423425
2025-05-23 19:40:00,2025,11,Essendon,Richmond,away,Richmond,0.41835875495665,0.29137500000000005,0.12698375495664993,3.4320034320034316,0.43580868281990537,16.914115078442006,0.044799349076256816,False,-16.914115078442006,360.6385821639005
2025-05-24 16:15:00,2025,11,Hawthorn,Brisbane Lions,away,Brisbane Lions,0.4194286292313594,0.34230000000000005,0.07712862923135932,2.921413964358749,0.2253246544883415,10.573042226791316,0.029317557104819567,True,20.31519098031156,380.95377314421205
2025-05-24 20:10:00,2025,11,Fremantle,Port Adelaide,away,Port Adelaide,0.4007718596119608,0.30706071428571435,0.09371114532624647,3.2566849273642946,0.3051876745100319,12.879777180225766,0.03380929154191645,False,-12.879777180225766,368.0739959639863
2025-05-31 13:20:00,2025,12,Gold Coast,Fremantle,away,Fremantle,0.3888346415971713,0.3296428571428571,0.05919178445431417,3.033586132177682,0.17956337645945797,8.125130337046812,0.022074719828460265,True,16.52315237555457,384.59714833954087
2025-06-01 15:20:00,2025,12,Melbourne,St Kilda,home,Melbourne,0.6395833304137946,0.5823607142857145,0.057222616128080106,1.7171487970759405,0.09825974644987112,13.173841480063532,0.034253611959787676,False,-13.173841480063532,371.42330685947735
2025-06-05 19:30:00,2025,13,Western Bulldogs,Hawthorn,away,Hawthorn,0.42194902452400607,0.3073464285714286,0.11460259595257749,3.253657459590736,0.37287759120956676,15.363407090934352,0.04136360537209604,True,34.623856995213416,406.0471638546908
2025-06-06 19:40:00,2025,13,Adelaide,Brisbane Lions,away,Brisbane Lions,0.5137032606867437,0.3680607142857144,0.14564254640102925,2.716943050932978,0.3957025043644602,23.39534202081981,0.05761730188858587,False,-23.39534202081981,382.65182183387094
2025-06-07 13:20:00,2025,13,Richmond,Sydney,away,Sydney,0.707961072718215,0.6432285714285714,0.06473250128964358,1.554657309110292,0.1006368562669358,17.357058025588472,0.045359925224984485,True,9.6272190985441,392.27904093241506
2025-06-07 19:35:00,2025,13,Greater Western Sydney,Port Adelaide,home,Greater Western Sydney,0.7869013963027597,0.6731071428571428,0.11379425344561689,1.4856475831697353,0.16905815761008502,34.13893851599117,0.0870271795170237,False,-34.13893851599117,358.1401024164239
2025-06-08 15:20:00,2025,13,North Melbourne,West Coast,home,North Melbourne,0.6319331030095569,0.5766071428571429,0.05532596015241398,1.7342830597708268,0.09595087545788733,11.69979883989099,0.03266821771968771,True,8.590964090858325,366.7310665072822
2025-06-08 19:20:00,2025,13,Carlton,Essendon,away,Essendon,0.4022947534267305,0.3288142857142857,0.07348046771244476,3.0412303949254897,0.22347103184042805,10.037300302315277,0.02736964827635066,False,-10.037300302315277,356.69376620496695
2025-06-12 19:30:00,2025,14,St Kilda,Western Bulldogs,home,St Kilda,0.35860490582292204,0.27062857142857144,0.0879763343943506,3.6951013513513513,0.32508147210750327,10.756045830274571,0.030154846676220926,False,-10.756045830274571,345.9377203746924
2025-06-14 16:15:00,2025,14,Essendon,Geelong,home,Essendon,0.24793478492897575,0.193375,0.05455978492897576,5.171299288946348,0.282144977008278,5.8497714620992936,0.01690989769997699,False,-5.8497714620992936,340.0879489125931
2025-06-14 19:35:00,2025,14,North Melbourne,Fremantle,home,North Melbourne,0.29863634914892684,0.1999,0.09873634914892684,5.002501250625313,0.4939287100996841,10.49213925296094,0.030851252702451832,False,-10.49213925296094,329.59580965963215
2025-06-15 15:20:00,2025,14,Port Adelaide,Melbourne,away,Melbourne,0.5496434915480534,0.48197857142857137,0.067664920119482,2.0747810365013266,0.14038989310027827,10.763104044671687,0.032655463841565695,False,-10.763104044671687,318.83270561496045
2025-06-19 20:10:00,2025,15,Fremantle,Essendon,home,Fremantle,0.8598481226851228,0.797825,0.06202312268512278,1.25340770219033,0.07774025968742876,24.452825542705998,0.07669484689640513,True,6.196534332838137,325.0292399477986
2025-06-21 13:20:00,2025,15,Carlton,North Melbourne,away,North Melbourne,0.30176073799414094,0.23422857142857156,0.06753216656556937,4.269333983898509,0.2883173737246799,7.165953165614788,0.022047103106064173,True,23.427894211369527,348.4571341591681
2025-06-22 13:10:00,2025,15,Greater Western Sydney,Gold Coast,home,Greater Western Sydney,0.603433653408962,0.4952607142857143,0.10817293912324777,2.019138548960504,0.21841615133810732,18.66985264834231,0.05357862077753961,True,19.027166537338005,367.4843006965061
2025-06-22 15:20:00,2025,15,Western Bulldogs,Richmond,away,Richmond,0.15923971034471485,0.0848607142857144,0.07437899605900045,11.784015824249805,0.876483266551075,7.466927106051372,0.020319037008925383,False,-7.466927106051372,360.0173735904548
2025-06-27 19:40:00,2025,16,Sydney,Western Bulldogs,away,Western Bulldogs,0.680942125797732,0.6273714285714287,0.053570697226303254,1.5939520903543125,0.08538912482560407,12.939414201978435,0.03594108271201915,True,7.68539211322537,367.70276570368014
2025-06-28 16:15:00,2025,16,Hawthorn,North Melbourne,away,North Melbourne,0.2529417012286197,0.1927535714285714,0.060188129800048285,5.18797131793,0.31225429108249836,6.853960886880395,0.018639949236617333,False,-6.853960886880395,360.84880481679977
2025-06-29 15:15:00,2025,16,Richmond,Adelaide,home,Richmond,0.2627395892574468,0.1778107142857143,0.08492887497173249,5.623958061341313,0.4776364310379234,9.31856068927018,0.025824003197131674,False,-9.31856068927018,351.5302441275296
2025-06-29 17:10:00,2025,16,Fremantle,St Kilda,home,Fremantle,0.8680916974220289,0.7263142857142857,0.14177741170774316,1.3768144447504032,0.1952011883785456,35.15302441275296,0.1,True,13.246167375388875,364.7764115029185
2025-07-04 20:20:00,2025,17,West Coast,Greater Western Sydney,away,Greater Western Sydney,0.7549404883309384,0.695125,0.059815488330938416,1.4385901816220104,0.08604997422181387,17.89198785211513,0.0490491909232787,True,7.847250201637977,372.62366170455647
2025-07-05 19:35:00,2025,17,Brisbane Lions,Port Adelaide,away,Port Adelaide,0.3278441341871994,0.2269321428571428,0.10091199133005657,4.406603610267387,0.44467914531429864,12.160056640524486,0.03263361372409537,False,-12.160056640524486,360.463605064032
2025-07-05 19:40:00,2025,17,St Kilda,Hawthorn,away,Hawthorn,0.752991349746389,0.6798142857142857,0.07317706403210333,1.470989976254019,0.10764272768292255,20.59560056251889,0.057136421744603955,True,9.700321419878033,370.16392648391
2025-07-06 13:10:00,2025,17,Sydney,Fremantle,away,Fremantle,0.5803119608290759,0.4354,0.14491196082907587,2.296738631143776,0.3328248985509322,23.751851051617646,0.0641657637394066,False,-23.751851051617646,346.4120754322924
2025-07-11 19:40:00,2025,18,Gold Coast,Collingwood,away,Collingwood,0.6212904200136298,0.5267107142857144,0.09457970572791541,1.8985753903945644,0.17956670172578004,17.306303535656888,0.04995871900267943,False,-17.306303535656888,329.10577189663553
2025-07-12 13:20:00,2025,18,Western Bulldogs,Adelaide,away,Adelaide,0.4076634118365645,0.3510928571428572,0.05657055469370731,2.8482493438854184,0.161127045289586,7.172711948862024,0.021794549234204274,True,13.256960153363337,342.36273204999884
2025-07-13 13:10:00,2025,18,Melbourne,North Melbourne,away,North Melbourne,0.33941947965150965,0.2402428571428571,0.09917662250865256,4.162454658976037,0.41281819442264844,11.172774009687112,0.03263431724237857,False,-11.172774009687112,331.18995804031175
2025-07-13 15:15:00,2025,18,St Kilda,Sydney,away,Sydney,0.5971730455707128,0.5291178571428572,0.06805518842785563,1.8899381045270764,0.1286200938205745,11.966473639819574,0.036131752637146804,True,10.649420868894257,341.839378909206
2025-07-17 19:30:00,2025,19,Essendon,Greater Western Sydney,away,Greater Western Sydney,0.7828518806230691,0.7089607142857144,0.07389116633735471,1.4105153922492177,0.1042246274700861,21.69716568129821,0.06347181460056733,True,8.907020480354399,350.7463993895604
2025-07-18 19:40:00,2025,19,Brisbane Lions,Western Bulldogs,home,Brisbane Lions,0.6071897129932131,0.5233142857142856,0.0838754272789275,1.9108975758899327,0.16027735066403492,15.428931072240855,0.043988850916483795,True,14.054175912277055,364.80057530183745
2025-07-19 19:35:00,2025,19,Carlton,Melbourne,home,Carlton,0.4764273320199529,0.41946785714285717,0.05695947487709574,2.3839728908225557,0.13578984398248473,8.948190664254204,0.02452899274309103,True,12.384053301239296,377.18462860307676
2025-07-20 13:10:00,2025,19,Geelong,St Kilda,home,Geelong,0.8665517597096133,0.8160178571428571,0.05053390256675616,1.225463378339935,0.0619274469601582,25.900083257408923,0.06866685780205639,True,5.839520270501001,383.02414887357776
2025-07-24 19:30:00,2025,20,Hawthorn,Carlton,home,Hawthorn,0.778172589776305,0.7111035714285714,0.0670690183477336,1.406264910174829,0.09431680706228962,22.230331641219582,0.05803898189342886,True,9.031403687376732,392.0555525609545
2025-07-26 13:20:00,2025,20,Gold Coast,Brisbane Lions,away,Brisbane Lions,0.677566634069283,0.5912428571428572,0.08632377692642579,1.6913523570203204,0.14600392357140668,20.699158811927198,0.05279649446798491,False,-20.699158811927198,371.3563937490273
2025-07-27 14:10:00,2025,20,Richmond,Collingwood,home,Richmond,0.17182106221870036,0.1206607142857143,0.05116034793298606,8.28770164274086,0.4240016996074025,5.401419742069916,0.014545110392579755,False,-5.401419742069916,365.9549740069574
2025-07-31 19:30:00,2025,21,Western Bulldogs,Greater Western Sydney,away,Greater Western Sydney,0.44827021390845534,0.2886464285714285,0.1596237853370268,3.4644461216762976,0.5530080040381524,20.529565240177256,0.056098609660616215,False,-20.529565240177256,345.42540876678015
2025-08-02 16:15:00,2025,21,Sydney,Essendon,home,Sydney,0.8666753275631395,0.8051464285714285,0.06152889899171099,1.2420101046393515,0.07641951427503907,27.268739455685004,0.07894248298942004,True,6.59931048905354,352.0247192558337
2025-08-03 15:15:00,2025,21,Geelong,Port Adelaide,away,Port Adelaide,0.20012127925208933,0.11728214285714289,0.08283913639494644,8.526447212156276,0.7063235235721247,8.258987709621953,0.023461385686440222,False,-8.258987709621953,343.7657315462117
2025-08-03 17:10:00,2025,21,Fremantle,Carlton,home,Fremantle,0.8443931864575667,0.7633964285714286,0.08099675788613803,1.3099353921151244,0.10610051980163199,29.420424171413526,0.08558277184606052,True,9.118430701760337,352.8841622479721
2025-08-09 19:35:00,2025,22,Carlton,Gold Coast,away,Gold Coast,0.7383982120783927,0.6817357142857143,0.0566624977926784,1.4668440849512274,0.08311504972575234,15.706520462680192,0.04450899797436419,True,7.332496173167663,360.21665842113975
2025-08-09 20:10:00,2025,22,Port Adelaide,Fremantle,away,Fremantle,0.711670181535043,0.6481785714285715,0.06349161010647153,1.5427847264312082,0.09795388632878965,16.251664745946336,0.04511636085121317,True,8.821155403180192,369.0378138243199
2025-08-10 13:40:00,2025,22,Greater Western Sydney,North Melbourne,home,Greater Western Sydney,0.9278395253547024,0.8398285714285714,0.08801095392613101,1.1907191943934137,0.10479633215671852,36.903781382431994,0.1,True,7.038259455328088,376.076073279648
2025-08-10 17:10:00,2025,22,West Coast,Adelaide,home,West Coast,0.16357483957877536,0.09356428571428571,0.07001055386448965,10.68783876631804,0.7482615116442898,7.26176544307901,0.019309299258927336,False,-7.26176544307901,368.814307836569
2025-08-15 19:20:00,2025,23,Essendon,St Kilda,home,Essendon,0.37952120334799616,0.3172785714285714,0.06224263191942475,3.151804408023594,0.1961766016506331,8.406054156423501,0.022792104259004065,False,-8.406054156423501,360.4082536801455
2025-08-15 20:20:00,2025,23,Fremantle,Brisbane Lions,home,Fremantle,0.5961638135778332,0.5453214285714286,0.05084238500640459,1.833780863186849,0.09323379266352277,10.075257745003794,0.027955124895517425,False,-10.075257745003794,350.3329959351417
2025-08-16 12:35:00,2025,23,Gold Coast,Greater Western Sydney,away,Greater Western Sydney,0.3933820055433953,0.3266714285714286,0.0667105769719667,3.0611798661827083,0.20421307508801623,8.677381772752463,0.02476895374810466,True,17.885644601178196,368.21864053631987
2025-08-16 13:20:00,2025,23,Carlton,Port Adelaide,away,Port Adelaide,0.44482002836974444,0.35126071428571426,0.09355931408403018,2.8468882494687504,0.26635291189418164,13.27585834562228,0.036054281027939415,False,-13.27585834562228,354.9427821906976
2025-08-16 16:15:00,2025,23,Hawthorn,Melbourne,home,Hawthorn,0.7235965207739862,0.6708357142857143,0.05276080648827186,1.4906779390312723,0.07864937027756497,14.22319207940083,0.040071788448875226,True,6.979006575966316,361.9217887666639
2025-08-16 19:35:00,2025,23,Adelaide,Collingwood,home,Adelaide,0.767009852659922,0.6798857142857143,0.08712413837420774,1.470835434526811,0.1281452699234018,24.625676994380715,0.06804143259320936,True,11.594641328166139,373.51643009483
2025-08-17 13:10:00,2025,23,North Melbourne,Richmond,away,Richmond,0.5364650669867433,0.4598285714285715,0.07663649555817187,2.1747234994407854,0.16666318780514577,13.248104546907506,0.03546859918195303,False,-13.248104546907506,360.26832554792253
2025-08-17 15:15:00,2025,23,Sydney,Geelong,home,Sydney,0.42123711650746604,0.3104321428571429,0.11080497365032316,3.221315907548233,0.3569378242552488,14.472659182805236,0.040171888996331145,False,-14.472659182805236,345.7956663651173
2025-08-23 16:15:00,2025,24,Richmond,Geelong,home,Richmond,0.19480815942349505,0.09143928571428572,0.10336887370920933,10.936218411904854,1.1304645798765227,9.835476045700771,0.02844302865067062,False,-9.835476045700771,335.96019031941654
2025-08-23 19:35:00,2025,24,West Coast,Sydney,away,Sydney,0.8517392921324884,0.7889142857142857,0.06282500641820277,1.267564826886861,0.07963476838465516,24.997784886225265,0.07440698513254931,True,6.688527985637851,342.6487183050544
2025-08-24 15:15:00,2025,24,Western Bulldogs,Fremantle,away,Fremantle,0.293580597426774,0.22969285714285703,0.06388774028391697,4.353639953975808,0.2781442186692906,7.104650569152951,0.020734502099692083,True,23.8264400077483,366.4751583128027
2025-09-05 19:40:00,2025,25,Geelong,Brisbane Lions,home,Geelong,0.681659671642288,0.6280703703703704,0.05358930127191763,1.592178276791348,0.08532372135357419,13.200849100846916,0.03602112940375459,True,7.817256072722142,374.29241438552486
2025-09-13 19:35:00,2025,26,Brisbane Lions,Gold Coast,home,Brisbane Lions,0.6678213043210989,0.562404,0.10541730432109886,1.778081236975555,0.18744053086588808,22.5418521606446,0.06022524447269794,True,17.539392212874436,391.8318065983993
