game_id,date,roundname,venue,home_team,away_team,elo_diff,elo_expected,home_interstate,away_interstate,home_at_home_ground,away_at_home_ground,venue_win_rate_diff,win_rate_diff_5,avg_margin_diff_5,score_for_diff_5,score_against_diff_5,lineup_changes_diff,lineup_continuity_diff,home_ruck_missing,away_ruck_missing,missing_rating_diff,net_quality_change_diff,missing_mid_rating_diff,missing_fwd_rating_diff,missing_def_rating_diff,win_rate_diff_10,avg_margin_diff_10,score_for_diff_10,score_against_diff_10,rest_diff,home_had_bye,away_had_bye,ladder_rank_diff,percentage_diff,home_top4,away_top4,home_top8,away_top8,avg_D_diff_5,avg_I50_diff_5,avg_CL_diff_5,avg_T_diff_5,avg_HO_diff_5,avg_CG_diff_5,avg_R50_diff_5,avg_M_diff_5,avg_FF_diff_5,avg_FA_diff_5,season_progress,implied_home_open,overround_open,home_line_close
38548,2026-04-23 19:30:00,Round 7,Docklands,Western Bulldogs,Sydney,3.998438199115526,0.5487721096343192,0,1,1,0,-0.17307692307692313,-0.20000000000000007,-44.4,-21.799999999999997,22.60000000000001,3.0,-2.0,0.0,0.0,105.64277400301921,12.436930071619024,106.52538673083941,0.0,0.0,-0.10000000000000009,-14.700000000000003,-1.6000000000000085,13.100000000000009,1.0,0,0,1,-42.505118455689,1,1,1,1,2.0,-3.0,5.800000000000004,-2.6000000000000014,-0.3999999999999986,-11.399999999999999,4.0,6.400000000000006,2.3999999999999986,-4.599999999999998,0.2916666666666667,,,
38549,2026-04-24 19:40:00,Round 7,M.C.G.,Richmond,Melbourne,-248.29354711908718,0.2215599681126791,0,0,1,1,0.10591506572295245,-0.6,-50.6,-34.0,16.60000000000001,-1.0,1.0,0.0,0.0,-0.6953160624538199,-26.83697551182557,0.0,0.0,0.0,-0.5,-48.0,-36.3,11.700000000000003,0.0,0,0,-11,-45.9854297450209,0,0,0,1,-27.80000000000001,-11.799999999999997,-4.199999999999996,-3.0,-17.400000000000002,-0.5999999999999943,2.6000000000000014,-9.0,0.1999999999999993,3.5999999999999996,0.2916666666666667,,,
38550,2026-04-25 12:15:00,Round 7,York Park,Hawthorn,Gold Coast,125.44730506464703,0.7098852120202486,1,1,1,0,0.7666666666666667,0.4,7.800000000000001,-1.2000000000000028,-9.0,1.0,-1.0,0.0,0.0,-17.421307998513782,4.853840422802875,0.0,-55.0515,37.03226582054859,0.09999999999999998,-6.999999999999998,-1.1000000000000085,5.900000000000006,0.0,0,0,-3,-38.559481140125996,0,1,1,1,6.199999999999989,-0.7999999999999972,3.0,-1.2000000000000028,-4.399999999999999,-1.3999999999999986,2.799999999999997,14.199999999999989,1.0,-1.2000000000000028,0.2916666666666667,,,
38551,2026-04-25 15:15:00,Round 7,M.C.G.,Essendon,Collingwood,-312.47544359386484,0.16437090423127565,0,0,1,1,-0.1970646766169154,-0.2,-7.3999999999999995,13.800000000000011,21.200000000000003,1.0,-1.0,0.0,0.0,-17.454190578063248,14.498644688177265,-65.44329564572435,0.0,0.0,-0.4,-28.4,4.0,32.400000000000006,-1.0,0,0,-7,-30.4085336981112,0,0,0,0,-27.400000000000034,-6.0,-4.799999999999997,-9.0,-4.0,-4.599999999999994,-3.1999999999999957,-25.0,4.0,-1.1999999999999993,0.2916666666666667,,,
38552,2026-04-25 18:35:00,Round 7,Adelaide Oval,Port Adelaide,Geelong,-279.5654017705074,0.192070247910933,0,1,1,0,0.005683432793407217,-0.4,-10.400000000000002,-11.200000000000003,-0.7999999999999972,0.0,0.0,0.0,0.0,-29.684572680666648,1.043419827318175,-54.599999999999994,0.0,0.0,-0.39999999999999997,-24.6,-17.69999999999999,6.8999999999999915,0.0,0,0,3,27.991886409735898,0,0,1,0,-28.0,-9.399999999999999,-7.600000000000001,-10.799999999999997,2.200000000000003,-5.0,-1.4000000000000057,13.200000000000003,-2.6000000000000014,1.5999999999999996,0.2916666666666667,,,
38553,2026-04-25 20:15:00,Round 7,Perth Stadium,Fremantle,Carlton,244.0606678965196,0.8288671908044664,0,1,1,0,-0.02922077922077926,0.8,46.8,6.799999999999997,-40.0,0.0,0.0,0.0,0.0,-25.761354144120695,82.55284277078312,0.0,35.90432492864561,0.0,0.39999999999999997,20.8,4.299999999999997,-16.5,-3.0,0,0,11,56.5024601637877,1,0,1,0,-12.599999999999966,3.8000000000000043,1.0,17.0,9.200000000000003,-4.199999999999996,-1.8000000000000043,-11.399999999999991,1.0,0.0,0.2916666666666667,,,
38554,2026-04-26 13:10:00,Round 7,Docklands,St Kilda,West Coast,246.59179429316055,0.8309240476739421,0,1,1,0,0.12300762300762297,0.0,36.400000000000006,18.599999999999994,-17.799999999999997,-2.0,2.0,0.0,0.0,-55.81901010111977,-68.0339580253319,0.0,-38.73135142924937,0.0,0.3,48.599999999999994,17.39999999999999,-31.200000000000003,1.0,0,0,-2,21.12046948867031,0,0,0,0,34.19999999999999,11.0,-1.2000000000000028,-13.799999999999997,-1.0,-1.6000000000000014,-0.7999999999999972,9.799999999999997,-0.40000000000000213,-2.1999999999999993,0.2916666666666667,,,
38555,2026-04-26 15:15:00,Round 7,Gabba,Brisbane Lions,Adelaide,103.94858515586611,0.6837523190878865,0,1,1,0,0.128276631344116,0.19999999999999996,10.8,9.0,-1.7999999999999972,-1.0,1.0,0.0,0.0,17.603610462740065,-75.54702938256938,44.20326516155465,0.0,0.0,0.09999999999999998,16.8,16.0,-0.7999999999999972,0.0,0,0,4,11.182514803204896,0,0,0,0,34.400000000000034,7.600000000000001,12.399999999999999,4.400000000000006,-2.6000000000000014,1.1999999999999957,-7.200000000000003,10.200000000000003,1.6000000000000014,0.8000000000000007,0.2916666666666667,,,
38556,2026-04-26 16:40:00,Round 7,Manuka Oval,Greater Western Sydney,North Melbourne,241.75266606193736,0.8269743879496245,1,1,0,0,0.42857142857142855,-0.39999999999999997,-31.400000000000002,-17.80000000000001,13.600000000000009,3.0,-3.0,1.0,0.0,133.69080734433305,-17.896980846352278,0.0,0.0,0.0,0.0,-6.7,-2.700000000000003,4.0,1.0,0,0,-11,-38.4117620158226,0,0,0,1,-0.4000000000000341,8.600000000000001,-4.0,-2.6000000000000014,-1.6000000000000014,6.600000000000001,3.200000000000003,-2.200000000000003,-7.199999999999999,-0.20000000000000284,0.2916666666666667,,,
38557,2026-04-30 19:30:00,Round 8,M.C.G.,Collingwood,Hawthorn,-64.28426817102627,0.4508204946264155,0,0,1,1,-0.02367357841664164,-0.6,-31.8,-34.2,-2.4000000000000057,,,,,,,,,,-0.19999999999999996,-13.5,-27.19999999999999,-13.700000000000003,2.0,1,1,-4,-20.9488748645375,0,0,0,1,-4.399999999999977,-7.400000000000006,-5.0,-1.3999999999999986,-14.0,2.3999999999999986,5.399999999999999,4.800000000000011,-3.3999999999999986,-0.3999999999999986,0.3333333333333333,,,
38558,2026-05-01 19:30:00,Round 8,Docklands,Western Bulldogs,Fremantle,-3.513749687139807,0.5380431102052573,0,1,1,0,0.034065934065934056,-0.4,-33.199999999999996,1.2000000000000028,34.400000000000006,,,,,,,,,,0.0,5.899999999999999,15.0,9.100000000000009,2.0,1,1,3,6.939799331102989,1,1,1,1,8.199999999999989,-2.0,2.6000000000000014,-4.799999999999997,0.19999999999999574,-3.200000000000003,1.6000000000000014,10.0,0.3999999999999986,-1.3999999999999986,0.3333333333333333,,,
38559,2026-05-01 20:10:00,Round 8,Adelaide Oval,Adelaide,Port Adelaide,198.49019246751072,0.7883978983893914,0,0,1,1,-0.028852769177846627,0.0,-14.6,-5.0,9.599999999999994,,,,,,,,,,0.2,8.9,0.8999999999999915,-8.0,0.0,1,1,-5,-18.274018071177892,0,0,0,1,9.0,-0.3999999999999986,1.3999999999999986,2.0,4.600000000000001,5.200000000000003,9.800000000000004,-2.799999999999997,-4.199999999999999,1.8000000000000007,0.3333333333333333,,,
38560,2026-05-02 12:35:00,Round 8,Docklands,Essendon,Brisbane Lions,-413.5797517953315,0.09902880263635115,0,1,1,0,0.03425925925925932,-0.39999999999999997,-28.0,-11.799999999999997,16.200000000000003,,,,,,,,,,-0.5,-46.3,-22.39999999999999,23.900000000000006,1.0,1,1,-8,-47.8918000970407,0,0,0,0,-37.60000000000002,-12.800000000000004,-19.199999999999996,-13.200000000000003,-12.399999999999999,-5.199999999999996,2.200000000000003,-26.0,1.3999999999999986,-3.0,0.3333333333333333,,,
38561,2026-05-02 16:15:00,Round 8,Perth Stadium,West Coast,Richmond,-8.643022310441438,0.5306965079917866,0,1,1,0,-0.1384778012684989,0.4,18.0,14.799999999999997,-3.200000000000003,,,,,,,,,,0.2,-4.299999999999997,6.6000000000000085,10.900000000000006,-1.0,1,1,6,8.792950424749598,0,0,0,0,-5.600000000000023,-1.6000000000000014,4.600000000000001,11.399999999999999,8.599999999999998,-6.0,-3.6000000000000014,-1.5999999999999943,3.6000000000000014,-0.3999999999999986,0.3333333333333333,,,
38562,2026-05-02 16:35:00,Round 8,Kardinia Park,Geelong,North Melbourne,382.3926834205531,0.9148170741393535,0,0,1,0,0.7971014492753623,0.20000000000000007,16.8,11.0,-5.799999999999997,,,,,,,,,,0.19999999999999996,6.999999999999999,3.299999999999997,-3.6999999999999886,1.0,1,1,-6,-25.66014290152191,0,0,0,1,-26.400000000000034,6.399999999999999,-3.1999999999999957,5.999999999999993,1.5999999999999943,0.3999999999999986,3.200000000000003,-15.0,1.6000000000000014,-5.000000000000002,0.3333333333333333,,,
38563,2026-05-02 19:35:00,Round 8,Docklands,Carlton,St Kilda,-41.20144330568564,0.483885410260713,0,0,1,1,-0.07435897435897432,-0.2,-6.6000000000000005,-8.199999999999989,-1.6000000000000085,,,,,,,,,,-0.2,-4.6000000000000005,0.7000000000000028,5.299999999999997,2.0,1,1,-1,-9.031670084301709,0,0,0,0,12.800000000000011,-1.6000000000000014,2.6000000000000014,-6.200000000000003,-1.3999999999999986,5.199999999999996,4.0,-1.4000000000000057,-3.1999999999999993,1.5999999999999979,0.3333333333333333,,,
38564,2026-05-03 15:15:00,Round 8,S.C.G.,Sydney,Melbourne,185.00226156821054,0.7751551346708465,0,1,1,0,0.33799533799533804,0.20000000000000007,55.2,21.0,-34.2,,,,,,,,,,0.30000000000000004,33.1,9.300000000000011,-23.799999999999997,1.0,1,1,5,80.84369803467699,1,0,1,1,7.199999999999989,0.8000000000000043,-0.3999999999999986,3.200000000000003,-1.4000000000000057,1.0,-2.0,-10.0,-0.8000000000000007,5.799999999999999,0.3333333333333333,,,
38565,2026-05-03 19:20:00,Round 8,Carrara,Gold Coast,Greater Western Sydney,1.2460481163977875,0.5448458385141016,0,1,1,0,-0.16282987085906797,0.39999999999999997,37.400000000000006,31.400000000000006,-6.0,,,,,,,,,,0.09999999999999998,17.4,7.1000000000000085,-10.299999999999997,0.0,1,1,13,75.67709186179759,1,0,1,0,-22.599999999999966,-3.0,-5.399999999999999,2.6000000000000014,17.4,-6.400000000000006,-1.6000000000000014,-12.199999999999989,3.3999999999999986,-0.7999999999999972,0.3333333333333333,,,
38566,2026-05-07 20:10:00,Round 9,Perth Stadium,Fremantle,Hawthorn,-49.65045294190509,0.47175084036158926,0,1,1,0,0.2738095238095238,0.0,9.799999999999997,-17.599999999999994,-27.400000000000006,,,,,,,,,,0.0,1.5999999999999996,-12.799999999999997,-14.400000000000006,-1.0,1,1,2,19.423652032348002,1,0,1,1,-8.399999999999977,0.0,3.200000000000003,5.399999999999999,-3.3999999999999986,-0.7999999999999972,-0.6000000000000014,-22.39999999999999,-1.3999999999999986,-0.1999999999999993,0.375,,,
38567,2026-05-08 19:30:00,Round 9,Gabba,Brisbane Lions,Carlton,330.5311608688651,0.8884875302028111,0,1,1,0,0.31615541922290386,0.39999999999999997,25.8,15.799999999999997,-10.0,,,,,,,,,,0.3,23.6,16.299999999999997,-7.299999999999997,-3.0,1,0,6,33.6131996658317,0,0,0,0,1.6000000000000227,3.200000000000003,7.199999999999996,14.400000000000006,7.0,-0.3999999999999986,-1.2000000000000028,16.80000000000001,1.6000000000000014,1.6000000000000014,0.375,,,
38568,2026-05-08 20:10:00,Round 9,Adelaide Oval,Port Adelaide,Western Bulldogs,-212.45453496389155,0.25916889241371854,0,1,1,0,0.281045751633987,-0.19999999999999996,16.0,3.799999999999997,-12.200000000000003,,,,,,,,,,-0.39999999999999997,-28.799999999999997,-19.89999999999999,8.899999999999991,-1.0,1,0,-7,-22.737556561085995,0,1,1,1,-37.400000000000034,-5.800000000000004,-10.200000000000003,-4.200000000000003,-4.399999999999999,0.6000000000000014,-3.6000000000000014,10.799999999999997,2.8000000000000007,0.3999999999999986,0.375,,,
38569,2026-05-09 13:15:00,Round 9,Docklands,North Melbourne,Sydney,-311.28337841482175,0.16531560413688648,0,1,1,0,-0.3374125874125874,-0.20000000000000007,-34.8,-17.799999999999997,17.0,,,,,,,,,,-0.30000000000000004,-25.900000000000002,-7.1000000000000085,18.799999999999997,-1.0,1,0,-3,-67.57441852498899,0,1,1,1,19.0,-5.800000000000004,6.399999999999999,-2.0,-8.599999999999994,-6.199999999999996,-1.3999999999999986,19.0,6.199999999999999,-0.7999999999999972,0.375,,,
38570,2026-05-09 16:15:00,Round 9,Sydney Showground,Greater Western Sydney,Essendon,250.0663585838463,0.8337154328389438,0,1,1,0,0.20185185185185184,0.0,-6.000000000000002,-9.800000000000011,-3.799999999999997,,,,,,,,,,0.4,31.5,17.19999999999999,-14.300000000000011,0.0,0,0,1,14.239797840977104,0,0,0,0,48.19999999999999,17.200000000000003,12.199999999999996,9.0,5.0,10.0,-3.3999999999999986,18.19999999999999,-5.0,3.599999999999998,0.375,,,
38571,2026-05-09 19:10:00,Round 9,Marrara Oval,Gold Coast,St Kilda,127.06237246809201,0.711796185244349,1,1,0,0,,0.19999999999999996,22.6,17.400000000000006,-5.200000000000003,,,,,,,,,,0.09999999999999998,21.599999999999998,18.900000000000006,-2.700000000000003,1.0,0,1,11,66.60661918726399,1,0,1,0,2.400000000000034,3.0,-2.6000000000000014,6.600000000000001,15.600000000000001,3.1999999999999957,0.0,-4.599999999999994,-1.8000000000000007,3.0,0.375,,,
38572,2026-05-09 19:35:00,Round 9,M.C.G.,Geelong,Collingwood,78.23093234859721,0.6509067536982955,0,0,1,1,-0.0027950136955671168,0.4,34.800000000000004,32.80000000000001,-2.0,,,,,,,,,,0.19999999999999996,16.8,27.19999999999999,10.400000000000006,-1.0,0,0,-1,-3.4171167428334,0,0,0,0,-5.2000000000000455,9.0,8.200000000000003,8.599999999999994,4.199999999999996,-0.7999999999999972,-6.599999999999994,-19.60000000000001,7.800000000000001,-2.4000000000000004,0.375,,,
38573,2026-05-10 13:10:00,Round 9,Docklands,Melbourne,West Coast,256.9365694295286,0.8391260329955537,0,1,1,0,0.10026155187445507,0.19999999999999996,32.6,19.200000000000003,-13.400000000000006,,,,,,,,,,0.3,52.3,29.69999999999999,-22.60000000000001,0.0,1,1,5,37.1924793202713,0,0,1,0,33.400000000000034,13.399999999999999,-0.4000000000000057,-8.399999999999999,8.800000000000004,6.599999999999994,1.0,10.599999999999994,-3.8000000000000007,-3.200000000000001,0.375,,,
38574,2026-05-10 15:15:00,Round 9,M.C.G.,Richmond,Adelaide,-423.3299043900324,0.09413256375701658,0,1,1,0,0.1781206171107994,-0.4,-62.800000000000004,-32.0,30.80000000000001,,,,,,,,,,-0.5,-46.5,-25.0,21.5,0.0,0,0,-5,-43.312434691745004,0,0,0,0,-8.599999999999966,-3.3999999999999986,-0.7999999999999972,-1.3999999999999986,-15.8,4.0,-5.600000000000001,-13.400000000000006,0.0,0.1999999999999993,0.375,,,
38575,2026-05-14 19:30:00,Round 10,Gabba,Brisbane Lions,Geelong,22.873375852869458,0.5755088913204699,0,1,1,0,-0.04217791411042948,-0.20000000000000007,-14.200000000000001,-7.200000000000003,7.0,,,,,,,,,,-0.09999999999999998,1.1000000000000014,-0.7999999999999972,-1.9000000000000057,-2.0,0,0,2,20.9003831417629,0,0,0,0,15.400000000000034,-2.1999999999999957,6.199999999999996,-4.3999999999999915,4.200000000000003,1.3999999999999986,1.1999999999999957,20.60000000000001,-5.199999999999999,4.200000000000001,0.4166666666666667,,,
38576,2026-05-15 19:30:00,Round 10,S.C.G.,Sydney,Collingwood,7.12162734286585,0.5532199543672063,0,1,1,0,0.37132867132867137,0.4,52.800000000000004,39.60000000000001,-13.200000000000003,,,,,,,,,,0.30000000000000004,35.7,31.0,-4.700000000000003,-2.0,0,0,8,89.8174446836775,1,0,1,0,2.1999999999999886,8.400000000000006,5.0,4.600000000000001,11.199999999999996,5.0,-8.399999999999999,-23.60000000000001,0.0,3.3999999999999986,0.4166666666666667,,,
38577,2026-05-15 20:10:00,Round 10,Marrara Oval,Gold Coast,Port Adelaide,140.17143252828942,0.7270259646210125,1,1,0,0,0.30000000000000004,0.19999999999999996,-0.3999999999999986,13.799999999999997,14.200000000000003,,,,,,,,,,0.3,28.299999999999997,18.799999999999997,-9.5,0.0,0,0,5,34.933586337761,1,0,1,1,31.400000000000034,8.600000000000001,1.3999999999999986,4.800000000000004,12.0,4.799999999999997,-0.19999999999999574,-12.599999999999994,-2.8000000000000007,2.400000000000002,0.4166666666666667,,,
38578,2026-05-16 13:15:00,Round 10,Adelaide Oval,Adelaide,North Melbourne,301.31747411755646,0.8707061347039762,0,1,1,0,0.5855263157894737,-0.19999999999999996,-8.200000000000001,-5.200000000000003,3.0,,,,,,,,,,0.0,-8.7,-13.5,-4.799999999999997,0.0,0,0,-8,-15.942274562963902,0,0,0,1,-45.400000000000034,-3.3999999999999986,-9.399999999999999,-2.8000000000000043,8.399999999999999,0.6000000000000014,11.600000000000001,-4.599999999999994,-5.199999999999999,-1.6000000000000014,0.4166666666666667,,,
38579,2026-05-16 16:15:00,Round 10,M.C.G.,Melbourne,Hawthorn,-242.16490239637096,0.22770435215871765,0,0,1,1,-0.15143592945216172,-0.4,-34.2,-15.599999999999994,18.599999999999994,,,,,,,,,,-0.19999999999999996,-10.9,-5.5,5.3999999999999915,-1.0,0,0,-1,-11.975128215536998,0,0,1,1,-9.399999999999977,0.19999999999999574,0.3999999999999986,0.0,-1.3999999999999986,6.399999999999999,-1.0,-8.799999999999997,-2.599999999999998,-2.799999999999999,0.4166666666666667,,,
38580,2026-05-16 19:35:00,Round 10,Docklands,Carlton,Western Bulldogs,-240.54691820937978,0.22934639531001522,0,0,1,1,-0.17692307692307685,-0.39999999999999997,-13.6,-8.0,5.599999999999994,,,,,,,,,,-0.39999999999999997,-26.7,-19.299999999999997,7.3999999999999915,1.0,0,0,-14,-63.44225949489069,0,1,0,1,4.399999999999977,-1.8000000000000043,-3.6000000000000014,-12.200000000000003,-9.399999999999999,7.399999999999999,0.20000000000000284,1.3999999999999915,-1.3999999999999986,1.3999999999999986,0.4166666666666667,,,
38581,2026-05-17 13:10:00,Round 10,M.C.G.,Essendon,Fremantle,-327.109258822986,0.15312501904684372,0,1,1,0,-0.10999999999999999,-0.8,-49.0,-2.799999999999997,46.2,,,,,,,,,,-0.6,-43.5,-10.399999999999991,33.10000000000001,1.0,0,0,-13,-70.7810605949967,0,1,0,1,-23.400000000000034,-13.400000000000006,-13.0,-15.799999999999997,-14.600000000000001,-1.3999999999999986,2.8000000000000043,2.200000000000003,2.0,-1.3999999999999986,0.4166666666666667,,,
38582,2026-05-17 15:15:00,Round 10,Docklands,St Kilda,Richmond,237.9487719827191,0.8238187315213074,0,0,1,1,0.06895356895356891,0.4,54.400000000000006,33.39999999999999,-21.0,,,,,,,,,,0.5,44.3,24.0,-20.299999999999997,0.0,0,0,4,29.913419913419908,0,0,0,0,28.599999999999966,9.399999999999999,3.3999999999999986,-2.3999999999999986,7.599999999999998,-7.600000000000001,-4.399999999999999,8.200000000000003,3.1999999999999993,-2.599999999999998,0.4166666666666667,,,
38583,2026-05-17 18:15:00,Round 10,Perth Stadium,West Coast,Greater Western Sydney,-372.40811864485477,0.12227512363968282,0,1,1,0,0.10697674418604652,0.2,-21.6,-4.599999999999994,17.0,,,,,,,,,,-0.3,-52.8,-29.19999999999999,23.60000000000001,-1.0,0,0,4,-12.049996814136705,0,0,0,0,-59.19999999999999,-17.0,-1.5999999999999943,9.799999999999997,2.799999999999997,-8.0,-0.8000000000000043,-17.39999999999999,5.600000000000001,-1.5999999999999979,0.4166666666666667,,,
38584,2026-05-21 19:30:00,Round 11,York Park,Hawthorn,Adelaide,67.12854512542572,0.6362481718614886,1,1,1,0,0.4333333333333334,0.6,22.0,17.599999999999994,-4.3999999999999915,,,,,,,,,,0.19999999999999996,12.4,16.799999999999997,4.400000000000006,0.0,0,0,7,14.648123268812896,0,0,1,0,28.600000000000023,8.200000000000003,3.0,1.6000000000000014,3.0,-1.8000000000000043,-7.200000000000003,4.3999999999999915,2.3999999999999986,-0.6000000000000014,0.4583333333333333,,,
38585,2026-05-22 19:40:00,Round 11,M.C.G.,Richmond,Essendon,-113.69873775056703,0.3818251264719972,0,0,1,1,0.17521739130434777,-0.2,-45.6,-29.200000000000003,16.400000000000006,,,,,,,,,,-0.1,-17.0,-18.60000000000001,-1.6000000000000085,0.0,0,0,-1,-6.603149397909199,0,0,0,0,-5.399999999999977,1.8000000000000043,6.0,7.399999999999999,-0.8000000000000007,8.0,-0.6000000000000014,2.3999999999999915,-3.0,2.3999999999999986,0.4583333333333333,,,
38586,2026-05-22 20:30:00,Round 11,Perth Stadium,Fremantle,St Kilda,202.85922459083395,0.7925631857016724,0,1,1,0,0.1071428571428571,0.6,40.199999999999996,-1.3999999999999915,-41.60000000000001,,,,,,,,,,0.19999999999999996,16.2,5.0,-11.200000000000003,0.0,0,0,10,47.470790079485994,1,0,1,0,0.20000000000004547,2.200000000000003,3.6000000000000014,10.799999999999997,7.800000000000004,1.0,2.1999999999999957,-12.799999999999997,-2.1999999999999993,1.5999999999999979,0.4583333333333333,,,
38587,2026-05-23 13:15:00,Round 11,Docklands,North Melbourne,Gold Coast,-242.99871417833515,0.22686138515879836,0,1,1,0,0.06973026973026974,0.0,-6.0,-13.599999999999994,-7.6000000000000085,,,,,,,,,,-0.09999999999999998,-10.7,-4.400000000000006,6.299999999999997,0.0,0,0,-2,-37.26532984597499,0,1,1,1,23.0,-5.600000000000001,9.399999999999999,0.0,-15.799999999999997,-0.19999999999999574,-1.6000000000000014,14.399999999999991,3.8000000000000007,1.0,0.4583333333333333,,,
38588,2026-05-23 16:15:00,Round 11,Kardinia Park,Geelong,Sydney,71.10930500573136,0.6415348229807629,0,1,1,0,0.2971014492753623,0.0,-18.0,-6.799999999999997,11.200000000000003,,,,,,,,,,-0.10000000000000009,-18.900000000000002,-3.8000000000000114,15.100000000000009,0.0,0,0,-9,-93.2345614265109,0,1,0,1,-7.400000000000034,0.5999999999999943,3.200000000000003,3.999999999999993,-7.0,-5.799999999999997,1.8000000000000043,4.0,7.800000000000001,-5.799999999999999,0.4583333333333333,,,
38589,2026-05-23 16:35:00,Round 11,M.C.G.,Collingwood,West Coast,434.8172036548733,0.9355776130434412,0,1,1,0,0.22992181947405826,0.0,35.0,0.5999999999999943,-34.400000000000006,,,,,,,,,,0.3,49.699999999999996,8.0,-41.7,0.0,0,0,2,28.2187326712708,0,0,0,0,38.400000000000034,5.799999999999997,-5.800000000000004,-9.799999999999997,-3.799999999999997,2.5999999999999943,7.399999999999999,24.200000000000003,-4.600000000000001,-0.8000000000000007,0.4583333333333333,,,
38590,2026-05-23 19:35:00,Round 11,Adelaide Oval,Port Adelaide,Carlton,28.092383245488236,0.5828311921464941,0,1,1,0,0.3836098541980895,0.2,29.6,11.799999999999997,-17.799999999999997,,,,,,,,,,0.0,-2.0999999999999996,-0.5999999999999943,1.5,0.0,0,0,7,40.7047029338047,0,0,1,0,-41.80000000000001,-4.0,-6.600000000000001,8.0,5.0,-6.799999999999997,-3.8000000000000043,9.400000000000006,4.199999999999999,-1.0,0.4583333333333333,,,
38591,2026-05-24 12:30:00,Round 11,Sydney Showground,Greater Western Sydney,Brisbane Lions,-163.5133932114852,0.3167896349352122,0,1,1,0,0.10185185185185186,-0.39999999999999997,-34.0,-21.60000000000001,12.400000000000006,,,,,,,,,,-0.09999999999999998,-14.8,-5.200000000000003,9.599999999999994,0.0,0,0,-7,-33.6520022560636,0,0,0,0,10.599999999999966,4.399999999999999,-7.0,-4.200000000000003,-7.399999999999999,4.800000000000004,-1.1999999999999957,-7.800000000000011,-3.6000000000000014,0.5999999999999979,0.4583333333333333,,,
38592,2026-05-24 15:15:00,Round 11,Docklands,Western Bulldogs,Melbourne,189.00069976732607,0.7791413139907545,0,0,1,1,0.12531017369727043,0.0,10.799999999999999,-0.7999999999999972,-11.599999999999994,,,,,,,,,,0.19999999999999996,18.4,7.700000000000003,-10.699999999999989,0.0,0,0,6,38.33857957898799,1,0,1,1,9.199999999999989,-2.1999999999999957,5.400000000000006,0.6000000000000014,-1.8000000000000043,-10.399999999999999,2.0,-3.5999999999999943,1.5999999999999979,1.200000000000001,0.4583333333333333,,,
38593,2026-05-28 19:30:00,Round 12,Docklands,St Kilda,Hawthorn,-252.50967753273903,0.2174023936286133,0,0,1,1,-0.22331544424567684,-0.6,-30.400000000000002,-16.200000000000003,14.200000000000003,,,,,,,,,,-0.19999999999999996,-14.600000000000001,-17.799999999999997,-3.200000000000003,0.0,0,0,-8,-28.04713804713799,0,0,0,1,-8.600000000000023,-2.200000000000003,-0.3999999999999986,-5.399999999999999,-11.200000000000003,-1.7999999999999972,-2.799999999999997,-9.599999999999994,0.8000000000000007,-1.7999999999999972,0.5,,,
38594,2026-05-29 19:40:00,Round 12,M.C.G.,Carlton,Geelong,-307.6577850159956,0.16821561270850163,0,0,1,1,-0.17104652242548052,-0.6000000000000001,-40.0,-23.0,17.0,,,,,,,,,,-0.39999999999999997,-22.5,-17.099999999999994,5.3999999999999915,0.0,0,0,-4,-12.7128165240688,0,0,0,0,13.800000000000011,-5.399999999999999,-1.0,-18.799999999999997,-2.799999999999997,1.7999999999999972,2.3999999999999986,3.799999999999997,-6.800000000000001,2.5999999999999996,0.5,,,
38595,2026-05-30 13:15:00,Round 12,S.C.G.,Sydney,Richmond,433.2958086872977,0.9350477405177156,0,1,1,0,0.42132867132867136,0.8,105.80000000000001,55.0,-50.80000000000001,,,,,,,,,,0.8,81.1,45.60000000000001,-35.5,0.0,0,0,16,126.8291277796979,1,0,1,0,35.0,12.600000000000001,3.799999999999997,6.200000000000003,15.999999999999996,1.5999999999999943,-4.600000000000001,-1.0,-1.0,2.1999999999999993,0.5,,,
38596,2026-05-30 16:15:00,Round 12,Gabba,Brisbane Lions,Fremantle,86.47049297234548,0.6616057171714359,0,1,1,0,0.2494887525562372,-0.4,-21.0,9.0,30.0,,,,,,,,,,-0.09999999999999998,2.8000000000000007,12.0,9.200000000000003,0.0,0,0,-5,-22.889260497956002,0,1,0,1,14.199999999999989,-0.6000000000000014,6.199999999999996,-2.5999999999999943,-2.200000000000003,3.799999999999997,0.6000000000000014,28.200000000000003,0.6000000000000014,1.6000000000000014,0.5,,,
38597,2026-05-30 19:35:00,Round 12,Docklands,Western Bulldogs,Collingwood,11.120065541981376,0.5589017665612389,0,0,1,1,-0.012820512820512886,0.19999999999999996,8.4,17.80000000000001,9.400000000000006,,,,,,,,,,0.19999999999999996,21.0,29.39999999999999,8.400000000000006,0.0,0,0,9,47.31232622798849,1,0,1,0,4.199999999999989,5.400000000000006,10.800000000000004,2.0,10.799999999999997,-6.399999999999999,-4.399999999999999,-17.200000000000003,2.3999999999999986,-1.1999999999999993,0.5,,,
38598,2026-05-31 15:15:00,Round 12,Traeger Park,Melbourne,Greater Western Sydney,-115.47154921532615,0.37941928560087096,1,1,0,0,-0.6363636363636364,0.39999999999999997,11.000000000000002,14.600000000000009,3.5999999999999943,,,,,,,,,,0.0,-0.5,0.5,1.0,0.0,0,0,9,25.1424825061346,0,0,1,0,-25.799999999999955,-3.6000000000000014,-2.0,1.3999999999999986,11.600000000000001,-1.4000000000000057,0.19999999999999574,-6.799999999999997,1.8000000000000007,-4.799999999999999,0.5,,,
38599,2026-05-31 19:20:00,Round 12,Perth Stadium,West Coast,Essendon,-122.34176006100847,0.37015267328412205,0,1,1,0,-0.04756871035940802,0.2,-27.6,-14.400000000000006,13.200000000000003,,,,,,,,,,0.1,-21.299999999999997,-12.0,9.299999999999997,0.0,0,0,5,2.1898010268403993,0,0,0,0,-11.0,0.20000000000000284,10.600000000000001,18.799999999999997,7.799999999999997,2.0,-4.200000000000003,0.7999999999999972,0.6000000000000014,2.0,0.5,,,
38600,2026-06-04 19:30:00,Round 13,Adelaide Oval,Adelaide,Geelong,-81.07520930299665,0.4270218161288271,0,1,1,0,-0.02316933638443941,-0.4,-25.0,-16.200000000000003,8.799999999999997,,,,,,,,,,-0.19999999999999996,-15.7,-16.799999999999997,-1.1000000000000085,0.0,0,0,-2,9.717868338558006,0,0,0,0,-19.0,-9.799999999999997,-6.200000000000003,-8.799999999999997,6.800000000000004,0.20000000000000284,8.399999999999999,10.400000000000006,-6.800000000000001,3.4000000000000004,0.5416666666666666,,,
38601,2026-06-05 19:40:00,Round 13,M.C.G.,Hawthorn,Western Bulldogs,53.164202629044894,0.6174483237013254,0,0,1,1,0.09349687572321219,0.4,23.400000000000002,16.39999999999999,-7.0,,,,,,,,,,0.0,-7.499999999999998,-2.200000000000003,5.299999999999997,0.0,0,0,-5,-26.36345136345099,0,1,1,1,0.19999999999998863,2.0,-5.800000000000004,-0.6000000000000014,3.200000000000003,4.0,-1.0,12.399999999999991,1.0,1.5999999999999979,0.5416666666666666,,,
38602,2026-06-06 14:15:00,Round 13,Hands Oval,North Melbourne,Fremantle,-318.7955663010771,0.1594346052451237,0,0,0,0,,-0.4,-23.599999999999998,5.200000000000003,28.799999999999997,,,,,,,,,,-0.19999999999999996,-5.3,9.5,14.799999999999997,0.0,0,0,-1,-18.129500738196995,0,1,1,1,25.19999999999999,-4.800000000000004,3.1999999999999957,-4.199999999999996,-8.0,2.0,-3.799999999999997,22.599999999999994,4.199999999999999,2.400000000000002,0.5416666666666666,,,
38603,2026-06-06 17:15:00,Round 13,Carrara,Gold Coast,Brisbane Lions,-162.26734509508742,0.3183441149878805,0,0,1,0,-0.1263926238955052,0.0,3.4000000000000004,9.799999999999997,6.400000000000006,,,,,,,,,,0.0,2.599999999999998,1.9000000000000057,-0.7000000000000028,0.0,0,0,6,42.025089605733996,1,0,1,0,-12.0,1.3999999999999986,-12.399999999999999,-1.6000000000000014,10.0,-1.6000000000000014,-2.799999999999997,-20.0,-0.20000000000000284,-0.1999999999999993,0.5416666666666666,,,
38604,2026-06-06 20:15:00,Round 13,Perth Stadium,West Coast,Port Adelaide,-233.48273423296314,0.23661271816368598,0,1,1,0,-0.021594684385382035,0.0,-59.400000000000006,-22.200000000000003,37.2,,,,,,,,,,-0.09999999999999998,-41.9,-17.5,24.400000000000006,0.0,0,0,-4,-52.7935023381733,0,0,0,1,-5.199999999999989,-5.399999999999999,5.200000000000003,12.0,-2.6000000000000014,3.200000000000003,0.6000000000000014,-17.799999999999997,-0.5999999999999979,1.6000000000000014,0.5416666666666666,,,
38605,2026-06-07 15:15:00,Round 13,S.C.G.,Sydney,St Kilda,195.3470367045786,0.7853636770545852,0,1,1,0,0.5463286713286714,0.4,51.4,21.60000000000001,-29.80000000000001,,,,,,,,,,0.30000000000000004,36.800000000000004,21.60000000000001,-15.200000000000003,0.0,0,0,12,96.91570786627798,1,0,1,0,6.400000000000034,3.200000000000003,0.3999999999999986,8.600000000000001,8.399999999999999,9.199999999999996,-0.20000000000000284,-9.200000000000003,-4.199999999999999,4.799999999999997,0.5416666666666666,,,
38606,2026-06-07 19:20:00,Round 13,M.C.G.,Essendon,Carlton,-83.04859092646643,0.4242447234396437,0,0,1,1,-0.023223140495867767,0.0,-2.1999999999999993,4.0,6.200000000000003,,,,,,,,,,-0.19999999999999998,-22.7,-6.099999999999994,16.60000000000001,0.0,0,0,-2,-14.278600431209,0,0,0,0,-36.0,-9.600000000000001,-12.0,1.2000000000000028,-5.399999999999999,-5.599999999999994,1.0,-9.199999999999989,3.0,-1.3999999999999986,0.5416666666666666,,,
38607,2026-06-08 15:15:00,Round 13,M.C.G.,Collingwood,Melbourne,177.8806342253447,0.7679295706580459,0,0,1,1,0.12776235103552008,-0.19999999999999996,2.3999999999999995,-18.60000000000001,-21.0,,,,,,,,,,0.0,-2.6,-21.69999999999999,-19.099999999999994,0.0,0,0,-3,-8.973746649000503,0,0,0,1,5.0,-7.600000000000001,-5.399999999999999,-1.3999999999999986,-12.600000000000001,-4.0,6.399999999999999,13.600000000000009,-0.8000000000000007,2.4000000000000004,0.5416666666666666,,,
38608,2026-06-11 19:30:00,Round 14,Docklands,Western Bulldogs,Adelaide,13.964342496380823,0.5629342264645342,0,1,1,0,0.025198938992042397,0.19999999999999996,-1.4000000000000001,1.2000000000000028,2.6000000000000085,,,,,,,,,,0.19999999999999996,19.9,19.0,-0.8999999999999915,0.0,0,0,12,41.01157463226389,1,0,1,0,28.400000000000034,6.200000000000003,8.800000000000004,2.200000000000003,-0.20000000000000284,-5.800000000000004,-6.200000000000003,-8.0,1.3999999999999986,-2.1999999999999993,0.5833333333333334,,,
38609,2026-06-12 19:40:00,Round 14,Kardinia Park,Geelong,Gold Coast,139.39396924221796,0.7261368707676004,0,1,1,0,0.7971014492753623,0.20000000000000007,10.8,-2.5999999999999943,-13.400000000000006,,,,,,,,,,0.09999999999999998,-3.6999999999999993,-1.1000000000000085,2.6000000000000085,0.0,0,0,-8,-62.9254727474969,0,1,0,1,-3.400000000000034,0.7999999999999972,6.200000000000003,5.999999999999993,-14.200000000000003,0.20000000000000284,1.6000000000000014,-0.6000000000000085,5.400000000000002,-4.000000000000002,0.5833333333333334,,,
38610,2026-06-13 13:15:00,Round 14,M.C.G.,Melbourne,Essendon,134.59480936852015,0.7206088857812712,0,0,1,1,0.06930232558139532,0.39999999999999997,5.0,4.799999999999997,-0.20000000000000284,,,,,,,,,,0.4,31.0,17.69999999999999,-13.300000000000011,0.0,0,0,10,39.3822803471117,0,0,1,0,22.400000000000034,13.600000000000001,10.199999999999996,10.399999999999999,16.6,8.599999999999994,-3.200000000000003,11.399999999999991,-3.1999999999999993,-1.200000000000001,0.5833333333333334,,,
38611,2026-06-13 16:15:00,Round 14,Perth Stadium,North Melbourne,West Coast,130.6554525829174,0.7160205773051052,1,0,0,1,-0.10697674418604652,0.19999999999999996,53.0,22.400000000000006,-30.60000000000001,,,,,,,,,,0.3,59.5,31.89999999999999,-27.60000000000001,0.0,0,0,7,50.46175882995931,0,0,1,0,59.60000000000002,8.399999999999999,5.599999999999994,-7.199999999999996,-1.1999999999999957,1.3999999999999986,-2.3999999999999986,19.599999999999994,1.5999999999999979,1.8000000000000007,0.5833333333333334,,,
38612,2026-06-13 19:35:00,Round 14,Adelaide Oval,Port Adelaide,Sydney,-208.45609676477602,0.26361257425037415,0,1,1,0,0.0518790849673203,-0.4,-28.400000000000002,-18.0,10.400000000000006,,,,,,,,,,-0.5,-43.5,-21.5,22.0,0.0,0,0,-6,-65.242675016775,0,1,1,1,-35.400000000000034,-8.800000000000004,-4.399999999999999,-6.800000000000004,-4.799999999999997,-10.799999999999997,0.3999999999999986,17.200000000000003,5.199999999999999,-4.199999999999999,0.5833333333333334,,,
38613,2026-06-14 13:10:00,Round 14,Bellerive Oval,Richmond,Brisbane Lions,-527.2784895458985,0.0540354341226362,1,1,0,0,-1.0,-0.6,-73.60000000000001,-41.0,32.60000000000001,,,,,,,,,,-0.6,-63.3,-41.0,22.299999999999997,0.0,0,0,-9,-54.4949494949499,0,0,0,0,-43.0,-11.0,-13.199999999999996,-5.800000000000004,-13.2,2.8000000000000043,1.6000000000000014,-23.60000000000001,-1.6000000000000014,-0.6000000000000014,0.5833333333333334,,,
38614,2026-06-14 15:15:00,Round 14,Docklands,St Kilda,Greater Western Sydney,-125.81632435169422,0.3655018338678103,0,1,1,0,0.057692307692307654,0.2,14.8,14.0,-0.7999999999999972,,,,,,,,,,0.0,-4.2,-11.799999999999997,-7.599999999999994,0.0,0,0,2,9.070472674533605,0,0,0,0,-25.0,-6.0,-2.799999999999997,-4.0,1.7999999999999972,-9.600000000000001,-1.6000000000000014,-7.599999999999994,5.199999999999999,-3.799999999999997,0.5833333333333334,,,
38615,2026-06-18 20:10:00,Round 15,Perth Stadium,Fremantle,Geelong,-63.597117119476025,0.45180000674116233,0,1,1,0,0.06168831168831168,0.19999999999999996,6.799999999999997,-16.200000000000003,-23.0,,,,,,,,,,0.0,-1.6999999999999993,-12.799999999999997,-11.100000000000009,0.0,0,0,7,43.7896436397189,1,0,1,0,1.2000000000000455,-1.5999999999999943,0.0,-1.7999999999999972,6.400000000000006,-2.3999999999999986,0.5999999999999943,-7.599999999999994,-5.800000000000001,2.5999999999999996,0.625,,,
38616,2026-06-19 19:40:00,Round 15,Carrara,Gold Coast,Hawthorn,-125.44730506464703,0.3659946088260101,0,1,1,0,0.25255474452554744,-0.4,-7.800000000000001,1.2000000000000028,9.0,,,,,,,,,,-0.09999999999999998,6.999999999999998,1.1000000000000085,-5.900000000000006,0.0,0,0,3,38.559481140125996,1,0,1,1,-6.199999999999989,0.7999999999999972,-3.0,1.2000000000000028,4.399999999999999,1.3999999999999986,-2.799999999999997,-14.199999999999989,-1.0,1.2000000000000028,0.625,,,
38617,2026-06-20 13:15:00,Round 15,Adelaide Oval,Adelaide,Melbourne,175.03635727094525,0.76499889074191,0,1,1,0,0.04007177033492826,-0.19999999999999996,12.2,-2.0,-14.200000000000003,,,,,,,,,,0.0,-1.5,-11.299999999999997,-9.799999999999997,0.0,0,0,-6,-2.6729950532758977,0,0,0,1,-19.200000000000045,-8.399999999999999,-3.3999999999999986,-1.6000000000000014,-1.6000000000000014,-4.599999999999994,8.200000000000003,4.400000000000006,0.1999999999999993,3.4000000000000004,0.625,,,
38618,2026-06-20 16:15:00,Round 15,Sydney Showground,Greater Western Sydney,Carlton,167.01776765737986,0.7565994301295831,0,1,1,0,0.35185185185185186,0.0,-8.200000000000001,-5.800000000000011,2.4000000000000057,,,,,,,,,,0.2,8.8,11.099999999999994,2.299999999999997,0.0,0,0,-1,-0.038802590231895806,0,0,0,0,12.199999999999989,7.600000000000001,0.19999999999999574,10.200000000000003,-0.3999999999999986,4.400000000000006,-2.3999999999999986,9.0,-2.0,2.1999999999999993,0.625,,,
38619,2026-06-20 19:35:00,Round 15,M.C.G.,Collingwood,Port Adelaide,201.33446942191017,0.791116449334768,0,1,1,0,0.05135039090262972,0.0,-24.4,-21.60000000000001,2.799999999999997,,,,,,,,,,0.2,7.800000000000001,-9.5,-17.299999999999997,0.0,0,0,-2,-24.574769666902498,0,0,0,1,33.200000000000045,0.3999999999999986,-0.6000000000000014,2.200000000000003,-6.399999999999999,5.799999999999997,8.0,6.400000000000006,-5.199999999999999,0.8000000000000007,0.625,,,
38620,2026-06-21 13:10:00,Round 15,M.C.G.,Richmond,North Melbourne,-122.01243027247597,0.37059476225752663,0,0,1,1,0.1485507246376811,-0.6,-71.0,-37.2,33.80000000000001,,,,,,,,,,-0.5,-55.2,-38.5,16.700000000000003,0.0,0,0,-13,-59.25470925470891,0,0,0,1,-54.0,-6.799999999999997,-10.199999999999996,-4.200000000000003,-7.400000000000002,4.600000000000001,6.0,-18.0,-5.199999999999999,-1.4000000000000021,0.625,,,
38621,2026-06-21 15:15:00,Round 15,Docklands,St Kilda,Western Bulldogs,-199.34547490369414,0.27391864626010876,0,0,1,1,-0.10256410256410253,-0.19999999999999996,-7.0,0.19999999999998863,7.200000000000003,,,,,,,,,,-0.19999999999999996,-22.099999999999998,-20.0,2.0999999999999943,0.0,0,0,-13,-54.41058941058898,0,1,0,1,-8.400000000000034,-0.20000000000000284,-6.200000000000003,-6.0,-8.0,2.200000000000003,-3.799999999999997,2.799999999999997,1.8000000000000007,-0.1999999999999993,0.625,,,
38622,2026-06-22 12:00:00,Round 16,Gabba,Brisbane Lions,Sydney,93.98268085860082,0.6712185796406834,0,1,1,0,0.08282208588957052,-0.20000000000000007,-32.2,-14.0,18.200000000000003,,,,,,,,,,-0.20000000000000007,-17.8,-4.6000000000000085,13.200000000000003,0.0,0,0,-7,-72.33417828474799,0,1,0,1,8.0,-1.6000000000000014,9.399999999999999,-0.3999999999999986,-2.799999999999997,-4.399999999999999,3.0,24.60000000000001,2.6000000000000014,-1.5999999999999979,0.6666666666666666,,,
38623,2026-06-22 12:00:00,Round 16,Docklands,Carlton,West Coast,205.3903509874749,0.7949484376446384,0,1,1,0,0.04864864864864865,-0.2,29.800000000000004,10.400000000000006,-19.400000000000006,,,,,,,,,,0.09999999999999998,44.0,18.099999999999994,-25.900000000000006,0.0,0,0,-3,12.0887994043686,0,0,0,0,47.0,9.399999999999999,1.3999999999999986,-20.0,-2.3999999999999986,3.5999999999999943,3.200000000000003,8.399999999999991,-3.6000000000000014,-0.6000000000000014,0.6666666666666666,,,
38624,2026-06-22 12:00:00,Round 16,M.C.G.,Collingwood,Richmond,426.1741813444319,0.9325130987239861,0,0,1,1,0.021847285312567633,0.4,53.0,15.399999999999991,-37.60000000000001,,,,,,,,,,0.5,45.4,14.600000000000009,-30.799999999999997,0.0,0,0,8,37.0116830960204,0,0,0,0,32.80000000000001,4.199999999999996,-1.2000000000000028,1.6000000000000014,4.800000000000001,-3.4000000000000057,3.799999999999997,22.60000000000001,-1.0,-1.1999999999999993,0.6666666666666666,,,
38625,2026-06-22 12:00:00,Round 16,M.C.G.,Hawthorn,Greater Western Sydney,126.69335318104481,0.7113602164378087,0,1,1,0,0.29823825503355705,0.8,45.2,30.200000000000003,-15.0,,,,,,,,,,0.19999999999999996,10.4,6.0,-4.3999999999999915,0.0,0,0,10,37.117610721671596,0,0,1,0,-16.399999999999977,-3.799999999999997,-2.3999999999999986,1.3999999999999986,13.0,-7.800000000000004,1.1999999999999957,2.0,4.399999999999999,-2.0,0.6666666666666666,,,
38626,2026-06-22 12:00:00,Round 16,Docklands,North Melbourne,Essendon,8.313692521908933,0.55491541232649,0,0,1,1,-0.0966718466718467,0.39999999999999997,25.4,8.0,-17.400000000000006,,,,,,,,,,0.4,38.2,19.89999999999999,-18.30000000000001,0.0,0,0,12,52.65155985679971,0,0,1,0,48.60000000000002,8.600000000000001,16.199999999999996,11.600000000000001,6.600000000000001,3.3999999999999986,-6.600000000000001,20.39999999999999,2.1999999999999993,3.8000000000000007,0.6666666666666666,,,
38627,2026-06-22 12:30:00,Round 16,Adelaide Oval,Port Adelaide,Adelaide,-198.49019246751072,0.27489893706969454,0,0,1,1,0.028852769177846627,0.0,14.6,5.0,-9.599999999999994,,,,,,,,,,-0.2,-8.9,-0.8999999999999915,8.0,0.0,0,0,5,18.274018071177892,0,0,1,0,-9.0,0.3999999999999986,-1.3999999999999986,-2.0,-4.600000000000001,-5.200000000000003,-9.800000000000004,2.799999999999997,4.199999999999999,-1.8000000000000007,0.6666666666666666,,,
38628,2026-06-22 14:00:00,Round 16,Perth Stadium,Fremantle,Gold Coast,75.79685212274194,0.6477162227624164,0,1,1,0,0.16269841269841268,0.4,17.599999999999998,-18.799999999999997,-36.400000000000006,,,,,,,,,,0.09999999999999998,-5.399999999999999,-13.900000000000006,-8.5,0.0,0,0,-1,-19.135829107777994,1,1,1,1,-2.1999999999999886,-0.7999999999999972,6.200000000000003,4.199999999999996,-7.799999999999997,-2.1999999999999957,2.1999999999999957,-8.200000000000003,-0.3999999999999986,-1.4000000000000021,0.6666666666666666,,,
38629,2026-06-29 12:00:00,Round 17,Docklands,Essendon,St Kilda,-124.25003423215207,0.3675953285836202,0,0,1,1,0.03490028490028496,-0.2,-8.8,-4.199999999999989,4.599999999999994,,,,,,,,,,-0.4,-27.3,-5.3999999999999915,21.900000000000006,0.0,0,0,-3,-23.31027051551071,0,0,0,0,-23.19999999999999,-11.200000000000003,-9.399999999999999,-5.0,-6.799999999999997,-0.3999999999999986,5.0,-10.599999999999994,-0.1999999999999993,0.1999999999999993,0.7083333333333334,,,
38630,2026-06-29 12:00:00,Round 17,Kardinia Park,Geelong,Brisbane Lions,-22.873375852869458,0.510254598427351,0,1,1,0,0.5471014492753623,0.20000000000000007,14.200000000000001,7.200000000000003,-7.0,,,,,,,,,,0.09999999999999998,-1.1000000000000014,0.7999999999999972,1.9000000000000057,0.0,0,0,-2,-20.9003831417629,0,0,0,0,-15.400000000000034,2.1999999999999957,-6.199999999999996,4.3999999999999915,-4.200000000000003,-1.3999999999999986,-1.1999999999999957,-20.60000000000001,5.199999999999999,-4.200000000000001,0.7083333333333334,,,
38631,2026-06-29 12:00:00,Round 17,Carrara,Gold Coast,Collingwood,-61.163036893620756,0.4552726657460269,0,1,1,0,-0.10300081103000813,0.19999999999999996,24.0,35.400000000000006,11.400000000000006,,,,,,,,,,0.09999999999999998,20.5,28.299999999999997,7.799999999999997,0.0,0,0,7,59.5083560046635,1,0,1,0,-1.8000000000000114,8.200000000000003,2.0,2.6000000000000014,18.4,-1.0,-8.199999999999996,-19.0,2.3999999999999986,1.6000000000000014,0.7083333333333334,,,
38632,2026-06-29 12:00:00,Round 17,Manuka Oval,Greater Western Sydney,Fremantle,-77.04290023913973,0.4327105344174951,1,1,0,0,-0.5714285714285714,-0.8,-55.0,-12.600000000000009,42.400000000000006,,,,,,,,,,-0.19999999999999996,-12.0,6.799999999999997,18.799999999999997,0.0,0,0,-12,-56.5412627540196,0,1,0,1,24.799999999999955,3.799999999999997,-0.8000000000000043,-6.799999999999997,-9.600000000000001,8.600000000000001,-0.5999999999999943,20.39999999999999,-3.0,2.1999999999999993,0.7083333333333334,,,
38633,2026-06-29 12:00:00,Round 17,York Park,Hawthorn,Melbourne,242.16490239637096,0.8273136750661382,1,1,1,0,,0.4,34.2,15.599999999999994,-18.599999999999994,,,,,,,,,,0.19999999999999996,10.9,5.5,-5.3999999999999915,0.0,0,0,1,11.975128215536998,0,0,1,1,9.399999999999977,-0.19999999999999574,-0.3999999999999986,0.0,1.3999999999999986,-6.399999999999999,1.0,8.799999999999997,2.599999999999998,2.799999999999999,0.7083333333333334,,,
38634,2026-06-29 12:00:00,Round 17,M.C.G.,Richmond,Carlton,-196.74732867703347,0.27690326605133897,0,0,1,1,0.15199425080848,-0.2,-47.800000000000004,-25.200000000000003,22.60000000000001,,,,,,,,,,-0.3,-39.7,-24.700000000000003,15.0,0.0,0,0,-3,-20.8817498291182,0,0,0,0,-41.39999999999998,-7.799999999999997,-6.0,8.600000000000001,-6.199999999999999,2.4000000000000057,0.3999999999999986,-6.799999999999997,0.0,1.0,0.7083333333333334,,,
38635,2026-06-29 12:00:00,Round 17,S.C.G.,Sydney,Western Bulldogs,-3.998438199115526,0.5373495522378127,0,1,1,0,0.11577311577311578,0.20000000000000007,44.4,21.799999999999997,-22.60000000000001,,,,,,,,,,0.10000000000000009,14.700000000000003,1.6000000000000085,-13.100000000000009,0.0,0,0,-1,42.505118455689,1,1,1,1,-2.0,3.0,-5.800000000000004,2.6000000000000014,0.3999999999999986,11.399999999999999,-4.0,-6.400000000000006,-2.3999999999999986,4.599999999999998,0.7083333333333334,,,
38636,2026-06-29 12:30:00,Round 17,Adelaide Oval,Port Adelaide,North Melbourne,102.82728165004573,0.6823549248743885,0,1,1,0,0.6143790849673203,-0.19999999999999996,6.399999999999999,-0.20000000000000284,-6.599999999999994,,,,,,,,,,-0.2,-17.6,-14.399999999999991,3.200000000000003,0.0,0,0,-3,2.3317435082139895,0,0,1,1,-54.400000000000034,-3.0,-10.799999999999997,-4.800000000000004,3.799999999999997,-4.600000000000001,1.7999999999999972,-1.7999999999999972,-1.0,-3.400000000000002,0.7083333333333334,,,
38637,2026-06-29 14:00:00,Round 17,Perth Stadium,West Coast,Adelaide,-431.97292670047386,0.08997483998111176,0,1,1,0,-0.021594684385382035,0.0,-44.800000000000004,-17.200000000000003,27.60000000000001,,,,,,,,,,-0.3,-50.8,-18.39999999999999,32.400000000000006,0.0,0,0,1,-34.519484266995406,0,0,0,0,-14.199999999999989,-5.0,3.8000000000000043,10.0,-7.200000000000003,-2.0,-9.200000000000003,-15.0,3.6000000000000014,-0.1999999999999993,0.7083333333333334,,,
38644,2026-07-06 12:00:00,Round 18,Docklands,Western Bulldogs,West Coast,445.9372691968547,0.9393298655008168,0,1,1,0,0.2255717255717255,0.19999999999999996,43.400000000000006,18.400000000000006,-25.0,,,,,,,,,,0.49999999999999994,70.69999999999999,37.39999999999999,-33.3,0.0,0,0,11,75.53105889925929,1,0,1,0,42.60000000000002,11.200000000000003,5.0,-7.799999999999997,7.0,-3.8000000000000043,3.0,7.0,-2.200000000000003,-2.0,0.75,,,
38643,2026-07-06 12:00:00,Round 18,Docklands,St Kilda,Port Adelaide,13.109060060197407,0.5617225032910187,0,1,1,0,-0.05505279034690802,0.0,-23.0,-3.6000000000000085,19.400000000000006,,,,,,,,,,0.2,6.7,-0.10000000000000853,-6.799999999999997,0.0,0,0,-6,-31.673032849502988,0,0,0,1,29.0,5.600000000000001,4.0,-1.7999999999999972,-3.6000000000000014,1.6000000000000014,-0.19999999999999574,-8.0,-1.0,-0.5999999999999979,0.75,,,
38642,2026-07-06 12:00:00,Round 18,M.C.G.,Melbourne,Richmond,248.29354711908718,0.8322958334206935,0,0,1,1,-0.10591506572295245,0.6,50.6,34.0,-16.60000000000001,,,,,,,,,,0.5,48.0,36.3,-11.700000000000003,0.0,0,0,11,45.9854297450209,0,0,1,0,27.80000000000001,11.799999999999997,4.199999999999996,3.0,17.400000000000002,0.5999999999999943,-2.6000000000000014,9.0,-0.1999999999999993,-3.5999999999999996,0.75,,,
38638,2026-07-06 12:00:00,Round 18,Gabba,Brisbane Lions,Essendon,413.5797517953315,0.9278049678564091,0,1,1,0,0.21918572225320687,0.39999999999999997,28.0,11.799999999999997,-16.200000000000003,,,,,,,,,,0.5,46.3,22.39999999999999,-23.900000000000006,0.0,0,0,8,47.8918000970407,0,0,0,0,37.60000000000002,12.800000000000004,19.199999999999996,13.200000000000003,12.399999999999999,5.199999999999996,-2.200000000000003,26.0,-1.3999999999999986,3.0,0.75,,,
38640,2026-07-06 12:00:00,Round 18,Docklands,Collingwood,North Melbourne,304.1617510719559,0.8725381936805807,0,0,1,1,0.17715617715617715,-0.19999999999999996,-18.0,-21.80000000000001,-3.799999999999997,,,,,,,,,,0.0,-9.8,-23.89999999999999,-14.099999999999994,0.0,0,0,-5,-22.243026158688508,0,0,0,1,-21.19999999999999,-2.6000000000000014,-11.399999999999999,-2.6000000000000014,-2.6000000000000014,1.1999999999999957,9.799999999999997,4.6000000000000085,-6.199999999999999,-2.6000000000000014,0.75,,,
38639,2026-07-06 12:00:00,Round 18,M.C.G.,Carlton,Hawthorn,-293.7111208384247,0.1797498431227487,0,0,1,1,-0.19751511453768927,-0.8,-37.0,-24.39999999999999,12.599999999999994,,,,,,,,,,-0.39999999999999997,-19.200000000000003,-17.099999999999994,2.0999999999999943,0.0,0,0,-9,-37.0788081314397,0,0,0,1,4.199999999999989,-3.8000000000000043,2.200000000000003,-11.600000000000001,-12.600000000000001,3.3999999999999986,1.2000000000000028,-11.0,-2.3999999999999986,-0.1999999999999993,0.75,,,
38641,2026-07-06 12:00:00,Round 18,Sydney Showground,Greater Western Sydney,Geelong,-140.64001735861575,0.3459487348299651,0,1,1,0,0.0018518518518518823,-0.6000000000000001,-48.2,-28.80000000000001,19.400000000000006,,,,,,,,,,-0.19999999999999996,-13.7,-6.0,7.699999999999989,0.0,0,0,-5,-12.751619114300695,0,0,0,0,26.0,2.200000000000003,-0.8000000000000043,-8.599999999999994,-3.1999999999999957,6.200000000000003,0.0,12.799999999999997,-8.8,4.799999999999999,0.75,,,
38645,2026-07-06 12:30:00,Round 18,Adelaide Oval,Adelaide,Gold Coast,58.31875993922131,0.6244321783097307,0,1,1,0,0.5855263157894737,-0.19999999999999996,-14.200000000000001,-18.799999999999997,-4.6000000000000085,,,,,,,,,,-0.09999999999999998,-19.4,-17.900000000000006,1.5,0.0,0,0,-10,-53.20760440893889,0,1,0,1,-22.400000000000034,-9.0,0.0,-2.8000000000000043,-7.399999999999999,0.4000000000000057,10.0,9.799999999999997,-1.3999999999999986,-0.6000000000000014,0.75,,,
38646,2026-07-06 14:00:00,Round 18,Perth Stadium,Fremantle,Sydney,7.512187886255333,0.5537755816012301,0,1,1,0,-0.1201298701298702,0.19999999999999996,-11.200000000000003,-23.0,-11.799999999999997,,,,,,,,,,-0.10000000000000009,-20.6,-16.60000000000001,4.0,0.0,0,0,-2,-49.44491778679199,1,1,1,1,-6.199999999999989,-1.0,3.200000000000003,2.1999999999999957,-0.5999999999999943,-8.199999999999996,2.3999999999999986,-3.5999999999999943,2.0,-3.1999999999999993,0.75,,,
38651,2026-07-13 12:00:00,Round 19,Docklands,North Melbourne,Melbourne,-126.28111684661121,0.36488156751844375,0,0,1,1,-0.039025490638393834,0.0,20.4,3.200000000000003,-17.200000000000003,,,,,,,,,,0.0,7.2,2.200000000000003,-5.0,0.0,0,0,2,13.269279509688005,0,0,1,1,26.19999999999999,-5.0,6.0,1.2000000000000028,-10.0,-5.199999999999996,-3.3999999999999986,9.0,5.399999999999999,5.000000000000002,0.7916666666666666,,,
38653,2026-07-13 12:00:00,Round 19,S.C.G.,Sydney,Adelaide,9.965904297265297,0.557263210232356,0,1,1,0,0.22688422688422694,0.4,43.0,23.0,-20.0,,,,,,,,,,0.30000000000000004,34.6,20.60000000000001,-14.0,0.0,0,0,11,83.51669308795289,1,0,1,0,26.400000000000034,9.200000000000003,3.0,4.800000000000004,0.19999999999999574,5.599999999999994,-10.200000000000003,-14.400000000000006,-1.0,2.3999999999999986,0.7916666666666666,,,
38650,2026-07-13 12:00:00,Round 19,Carrara,Gold Coast,Western Bulldogs,-72.28310243560213,0.4394483732633007,0,1,1,0,-0.09289980092899797,0.0,15.600000000000001,17.599999999999994,2.0,,,,,,,,,,-0.09999999999999998,-0.5,-1.0999999999999943,-0.6000000000000085,0.0,0,0,-2,12.196029776675005,1,1,1,1,-6.0,2.799999999999997,-8.800000000000004,0.6000000000000014,7.600000000000001,5.399999999999999,-3.799999999999997,-1.7999999999999972,0.0,2.8000000000000007,0.7916666666666666,,,
38652,2026-07-13 12:00:00,Round 19,M.C.G.,Richmond,Hawthorn,-490.45844951545814,0.06595130510256586,0,0,1,1,-0.04552086372920927,-1.0,-84.80000000000001,-49.599999999999994,35.2,,,,,,,,,,-0.7,-58.9,-41.8,17.099999999999994,0.0,0,0,-12,-57.9605579605579,0,0,0,1,-37.19999999999999,-11.600000000000001,-3.799999999999997,-3.0,-18.8,5.800000000000004,1.6000000000000014,-17.799999999999997,-2.3999999999999986,0.8000000000000007,0.7916666666666666,,,
38648,2026-07-13 12:00:00,Round 19,Docklands,Essendon,Greater Western Sydney,-250.0663585838463,0.21980488114213456,0,1,1,0,0.09259259259259262,0.0,6.000000000000002,9.800000000000011,3.799999999999997,,,,,,,,,,-0.4,-31.5,-17.19999999999999,14.300000000000011,0.0,0,0,-1,-14.239797840977104,0,0,0,0,-48.19999999999999,-17.200000000000003,-12.199999999999996,-9.0,-5.0,-10.0,3.3999999999999986,-18.19999999999999,5.0,-3.599999999999998,0.7916666666666666,,,
38649,2026-07-13 12:00:00,Round 19,Kardinia Park,Geelong,St Kilda,266.45634171030997,0.8463869523615031,0,0,1,0,0.7971014492753623,0.4,33.4,14.800000000000011,-18.60000000000001,,,,,,,,,,0.19999999999999996,17.9,17.799999999999997,-0.09999999999999432,0.0,0,0,3,3.6811464397670903,0,0,0,0,-1.0,3.799999999999997,3.6000000000000014,12.599999999999994,1.3999999999999986,3.3999999999999986,1.6000000000000014,-5.200000000000003,3.6000000000000014,-1.0000000000000018,0.7916666666666666,,,
38647,2026-07-13 12:00:00,Round 19,M.C.G.,Collingwood,Carlton,229.4268526673984,0.8165852013311181,0,0,1,1,0.17384153612104764,0.2,5.2,-9.800000000000011,-15.0,,,,,,,,,,0.2,5.700000000000001,-10.099999999999994,-15.799999999999997,0.0,0,0,5,16.1299332669022,0,0,0,0,-8.599999999999966,-3.6000000000000014,-7.200000000000003,10.200000000000003,-1.3999999999999986,-1.0,4.199999999999996,15.800000000000011,-1.0,-0.1999999999999993,0.7916666666666666,,,
38654,2026-07-13 12:30:00,Round 19,Adelaide Oval,Port Adelaide,Fremantle,-215.96828465103135,0.25530430218820643,0,1,1,0,0.281045751633987,-0.6,-17.2,5.0,22.200000000000003,,,,,,,,,,-0.39999999999999997,-22.9,-4.8999999999999915,18.0,0.0,0,0,-4,-15.797757229983006,0,1,1,1,-29.200000000000045,-7.800000000000004,-7.600000000000001,-9.0,-4.200000000000003,-2.6000000000000014,-2.0,20.799999999999997,3.1999999999999993,-1.0,0.7916666666666666,,,
38655,2026-07-13 14:00:00,Round 19,Perth Stadium,West Coast,Brisbane Lions,-535.92151185634,0.05154797266440027,0,1,1,0,-0.16445182724252488,-0.19999999999999996,-55.6,-26.200000000000003,29.400000000000006,,,,,,,,,,-0.39999999999999997,-67.6,-34.39999999999999,33.2,0.0,0,0,-3,-45.7019990702003,0,0,0,0,-48.60000000000002,-12.600000000000001,-8.599999999999994,5.599999999999994,-4.600000000000001,-3.1999999999999957,-2.0,-25.200000000000003,2.0,-1.0,0.7916666666666666,,,
38656,2026-07-20 12:00:00,Round 20,Gabba,Brisbane Lions,Port Adelaide,302.43877762337684,0.8714310528192295,0,1,1,0,0.16615541922290383,0.19999999999999996,-3.799999999999999,4.0,7.799999999999997,,,,,,,,,,0.3,25.700000000000003,16.89999999999999,-8.799999999999997,0.0,0,0,-1,-7.091503267972996,0,0,0,1,43.400000000000034,7.200000000000003,13.799999999999997,6.400000000000006,2.0,6.399999999999999,2.6000000000000014,7.400000000000006,-2.599999999999998,2.6000000000000014,0.8333333333333334,,,
38657,2026-07-20 12:00:00,Round 20,Docklands,Carlton,Gold Coast,-168.26381577377765,0.310900980913889,0,1,1,0,0.05714285714285716,-0.39999999999999997,-29.200000000000003,-25.599999999999994,3.5999999999999943,,,,,,,,,,-0.3,-26.2,-18.200000000000003,8.0,0.0,0,0,-12,-75.6382892715657,0,1,0,1,10.399999999999977,-4.600000000000001,5.200000000000003,-12.800000000000004,-17.0,2.0,4.0,3.1999999999999886,-1.3999999999999986,-1.4000000000000021,0.8333333333333334,,,
38658,2026-07-20 12:00:00,Round 20,Sydney Showground,Greater Western Sydney,Sydney,-69.5307123528844,0.44335495504636807,0,0,1,0,0.04629629629629628,-0.6000000000000001,-66.2,-35.60000000000001,30.60000000000001,,,,,,,,,,-0.30000000000000004,-32.6,-9.800000000000011,22.799999999999997,0.0,0,0,-14,-105.98618054081159,0,1,0,1,18.599999999999966,2.799999999999997,2.3999999999999986,-4.600000000000001,-10.199999999999996,0.4000000000000057,1.8000000000000043,16.799999999999997,-1.0,-1.0,0.8333333333333334,,,
38659,2026-07-20 12:00:00,Round 20,M.C.G.,Hawthorn,Essendon,376.7597117648911,0.9122559962660197,0,0,1,1,0.22073825503355704,0.8,39.2,20.39999999999999,-18.799999999999997,,,,,,,,,,0.6,41.9,23.19999999999999,-18.700000000000003,0.0,0,0,11,51.3574085626487,0,0,1,0,31.80000000000001,13.400000000000006,9.799999999999997,10.399999999999999,18.0,2.1999999999999957,-2.200000000000003,20.19999999999999,-0.6000000000000014,1.5999999999999979,0.8333333333333334,,,
38661,2026-07-20 12:00:00,Round 20,M.C.G.,Melbourne,Geelong,-256.1115665739419,0.2138953908542879,0,0,1,1,-0.12496733733995297,-0.20000000000000007,-37.2,-14.200000000000003,23.0,,,,,,,,,,-0.19999999999999996,-14.2,-5.5,8.699999999999989,0.0,0,0,4,12.390863391833904,0,0,1,0,0.20000000000004547,-1.3999999999999986,-2.8000000000000043,-7.199999999999996,8.400000000000006,4.799999999999997,0.19999999999999574,6.0,-7.0,0.0,0.8333333333333334,,,
38660,2026-07-20 12:00:00,Round 20,Docklands,North Melbourne,St Kilda,-115.93634171024314,0.3787895008623198,0,0,1,1,-0.061771561771561734,0.19999999999999996,16.6,3.8000000000000114,-12.800000000000011,,,,,,,,,,0.0,10.9,14.5,3.5999999999999943,0.0,0,0,9,29.341289341289,0,0,1,0,25.400000000000034,-2.6000000000000014,6.799999999999997,6.600000000000001,-0.19999999999999574,3.0,-1.6000000000000014,9.799999999999997,2.0,4.0,0.8333333333333334,,,
38662,2026-07-20 12:00:00,Round 20,Docklands,Western Bulldogs,Richmond,437.29424688641325,0.936431714740469,0,0,1,1,0.17151767151767144,0.6,61.400000000000006,33.2,-28.200000000000003,,,,,,,,,,0.7,66.4,44.0,-22.39999999999999,0.0,0,0,17,84.3240093240089,1,0,1,0,37.0,9.600000000000001,9.600000000000001,3.6000000000000014,15.599999999999998,-9.800000000000004,-0.6000000000000014,5.400000000000006,1.3999999999999986,-2.3999999999999986,0.8333333333333334,,,
38663,2026-07-20 12:30:00,Round 20,Adelaide Oval,Adelaide,Collingwood,-2.8442769543994473,0.5390008398025886,0,1,1,0,-0.061532507739938125,0.0,9.8,16.60000000000001,6.799999999999997,,,,,,,,,,0.0,1.1,10.399999999999991,9.299999999999997,0.0,0,0,-3,6.300751595724606,0,0,0,0,-24.200000000000045,-0.7999999999999972,2.0,-0.20000000000000284,11.0,-0.5999999999999943,1.8000000000000043,-9.200000000000003,1.0,1.0,0.8333333333333334,,,
38664,2026-07-20 14:00:00,Round 20,Perth Stadium,Fremantle,West Coast,449.4510188839945,0.9404723826776991,0,0,1,1,0.20016611295681058,0.6,76.6,17.200000000000003,-59.400000000000006,,,,,,,,,,0.49999999999999994,64.8,22.39999999999999,-42.400000000000006,0.0,0,0,8,68.5912595681563,1,0,1,0,34.400000000000034,13.200000000000003,2.3999999999999986,-3.0,6.800000000000004,-0.6000000000000014,1.3999999999999986,-3.0,-2.6000000000000014,-0.6000000000000014,0.8333333333333334,,,
38665,2026-07-27 12:00:00,Round 21,Docklands,Carlton,Brisbane Lions,-330.5311608688651,0.15058803670933016,0,1,1,0,-0.07499999999999996,-0.39999999999999997,-25.8,-15.799999999999997,10.0,,,,,,,,,,-0.3,-23.6,-16.299999999999997,7.299999999999997,0.0,0,0,-6,-33.6131996658317,0,0,0,0,-1.6000000000000227,-3.200000000000003,-7.199999999999996,-14.400000000000006,-7.0,0.3999999999999986,1.2000000000000028,-16.80000000000001,-1.6000000000000014,-1.6000000000000014,0.875,,,
38666,2026-07-27 12:00:00,Round 21,M.C.G.,Collingwood,Geelong,-78.23093234859721,0.4310325629867585,0,0,1,1,0.0027950136955671168,-0.4,-34.800000000000004,-32.80000000000001,2.0,,,,,,,,,,-0.19999999999999996,-16.8,-27.19999999999999,-10.400000000000006,0.0,0,0,1,3.4171167428334,0,0,0,0,5.2000000000000455,-9.0,-8.200000000000003,-8.599999999999994,-4.199999999999996,0.7999999999999972,6.599999999999994,19.60000000000001,-7.800000000000001,2.4000000000000004,0.875,,,
38667,2026-07-27 12:00:00,Round 21,Docklands,Essendon,Adelaide,-309.6311666394654,0.1666321588072997,0,1,1,0,-0.042464878671775175,-0.2,-17.2,-2.799999999999997,14.400000000000006,,,,,,,,,,-0.4,-29.5,-6.3999999999999915,23.10000000000001,0.0,0,0,-4,-36.709285293835805,0,0,0,0,-3.1999999999999886,-5.200000000000003,-6.799999999999997,-8.799999999999997,-15.0,-4.0,-5.0,-15.799999999999997,3.0,-2.1999999999999993,0.875,,,
38668,2026-07-27 12:00:00,Round 21,Carrara,Gold Coast,Melbourne,116.71759733172394,0.6994277580349483,0,1,1,0,-0.14744525547445253,0.0,26.4,16.799999999999997,-9.599999999999994,,,,,,,,,,0.09999999999999998,17.9,6.6000000000000085,-11.299999999999997,0.0,0,0,4,50.534609355662994,1,0,1,1,3.1999999999999886,0.6000000000000014,-3.3999999999999986,1.2000000000000028,5.799999999999997,-5.0,-1.7999999999999972,-5.3999999999999915,1.5999999999999979,4.000000000000002,0.875,,,
38669,2026-07-27 12:00:00,Round 21,York Park,Hawthorn,North Melbourne,368.4460192429822,0.9083489067581729,1,1,1,0,0.5166666666666667,0.4,13.8,12.399999999999991,-1.3999999999999915,,,,,,,,,,0.19999999999999996,3.7,3.299999999999997,-0.3999999999999915,0.0,0,0,-1,-1.294151294151007,0,0,1,1,-16.80000000000001,4.800000000000004,-6.399999999999999,-1.2000000000000028,11.399999999999999,-1.2000000000000028,4.399999999999999,-0.20000000000000284,-2.8000000000000007,-2.200000000000003,0.875,,,
38670,2026-07-27 12:00:00,Round 21,M.C.G.,Richmond,West Coast,8.643022310441438,0.5553835900167926,0,1,1,0,0.20807453416149063,-0.4,-18.0,-14.799999999999997,3.200000000000003,,,,,,,,,,-0.2,4.299999999999997,-6.6000000000000085,-10.900000000000006,0.0,0,0,-6,-8.792950424749598,0,0,0,0,5.600000000000023,1.6000000000000014,-4.600000000000001,-11.399999999999999,-8.599999999999998,6.0,3.6000000000000014,1.5999999999999943,-3.6000000000000014,0.3999999999999986,0.875,,,
38671,2026-07-27 12:00:00,Round 21,Docklands,St Kilda,Sydney,-195.3470367045786,0.27852014729607855,0,1,1,0,-0.27564102564102566,-0.4,-51.4,-21.60000000000001,29.80000000000001,,,,,,,,,,-0.30000000000000004,-36.800000000000004,-21.60000000000001,15.200000000000003,0.0,0,0,-12,-96.91570786627798,0,1,0,1,-6.400000000000034,-3.200000000000003,-0.3999999999999986,-8.600000000000001,-8.399999999999999,-9.199999999999996,0.20000000000000284,9.200000000000003,4.199999999999999,-4.799999999999997,0.875,,,
38672,2026-07-27 12:30:00,Round 21,Adelaide Oval,Port Adelaide,Greater Western Sydney,-138.92538441189163,0.34818543475623004,0,1,1,0,0.19332645338837295,0.2,37.8,17.60000000000001,-20.200000000000003,,,,,,,,,,-0.2,-10.9,-11.699999999999989,-0.7999999999999972,0.0,0,0,8,40.74350552403659,0,0,1,0,-54.0,-11.600000000000001,-6.799999999999997,-2.200000000000003,5.399999999999999,-11.200000000000003,-1.4000000000000057,0.4000000000000057,6.199999999999999,-3.1999999999999993,0.875,,,
38673,2026-07-27 14:00:00,Round 21,Perth Stadium,Fremantle,Western Bulldogs,3.513749687139807,0.5480811300584173,0,1,1,0,0.20714285714285707,0.4,33.199999999999996,-1.2000000000000028,-34.400000000000006,,,,,,,,,,0.0,-5.899999999999999,-15.0,-9.100000000000009,0.0,0,0,-3,-6.939799331102989,1,1,1,1,-8.199999999999989,2.0,-2.6000000000000014,4.799999999999997,-0.19999999999999574,3.200000000000003,-1.6000000000000014,-10.0,-0.3999999999999986,1.3999999999999986,0.875,,,
38679,2026-08-03 12:00:00,Round 22,S.C.G.,Sydney,Port Adelaide,208.45609676477602,0.7978101629024001,0,1,1,0,0.17132867132867136,0.4,28.400000000000002,18.0,-10.400000000000006,,,,,,,,,,0.5,43.5,21.5,-22.0,0.0,0,0,6,65.242675016775,1,0,1,1,35.400000000000034,8.800000000000004,4.399999999999999,6.800000000000004,4.799999999999997,10.799999999999997,-0.3999999999999986,-17.200000000000003,-5.199999999999999,4.199999999999999,0.9166666666666666,,,
38680,2026-08-03 12:00:00,Round 22,Docklands,Western Bulldogs,North Melbourne,315.2818166139373,0.8794892000652416,0,0,1,1,0.16433566433566427,0.0,-9.600000000000001,-4.0,5.6000000000000085,,,,,,,,,,0.19999999999999996,11.2,5.5,-5.699999999999989,0.0,0,0,4,25.069300069299985,1,0,1,1,-17.0,2.8000000000000043,-0.5999999999999943,-0.6000000000000014,8.199999999999996,-5.200000000000003,5.399999999999999,-12.599999999999994,-3.8000000000000007,-3.8000000000000007,0.9166666666666666,,,
38678,2026-08-03 12:00:00,Round 22,Docklands,St Kilda,Carlton,41.20144330568564,0.6010563363788851,0,0,1,1,0.07435897435897432,0.2,6.6000000000000005,8.199999999999989,1.6000000000000085,,,,,,,,,,0.2,4.6000000000000005,-0.7000000000000028,-5.299999999999997,0.0,0,0,1,9.031670084301709,0,0,0,0,-12.800000000000011,1.6000000000000014,-2.6000000000000014,6.200000000000003,1.3999999999999986,-5.199999999999996,-4.0,1.4000000000000057,3.1999999999999993,-1.5999999999999979,0.9166666666666666,,,
38675,2026-08-03 12:00:00,Round 22,Kardinia Park,Geelong,Essendon,390.70637594246205,0.9184731736989511,0,0,1,0,0.5471014492753623,0.6000000000000001,42.2,19.0,-23.200000000000003,,,,,,,,,,0.6,45.2,23.19999999999999,-22.0,0.0,0,0,6,26.9914169552778,0,0,0,0,22.19999999999999,15.0,13.0,17.599999999999994,8.199999999999996,3.799999999999997,-3.3999999999999986,5.3999999999999915,3.8000000000000007,-1.200000000000001,0.9166666666666666,,,
38676,2026-08-03 12:00:00,Round 22,Manuka Oval,Greater Western Sydney,Gold Coast,-1.2460481163977875,0.5412860458844566,1,1,0,0,0.42857142857142855,-0.39999999999999997,-37.400000000000006,-31.400000000000006,6.0,,,,,,,,,,-0.09999999999999998,-17.4,-7.1000000000000085,10.299999999999997,0.0,0,0,-13,-75.67709186179759,0,1,0,1,22.599999999999966,3.0,5.399999999999999,-2.6000000000000014,-17.4,6.400000000000006,1.6000000000000014,12.199999999999989,-3.3999999999999986,0.7999999999999972,0.9166666666666666,,,
38674,2026-08-03 12:00:00,Round 22,Gabba,Brisbane Lions,Hawthorn,36.820040030440396,0.594993429023496,0,1,1,0,0.3328220858895705,-0.4,-11.200000000000001,-8.599999999999994,2.5999999999999943,,,,,,,,,,-0.09999999999999998,4.4,-0.7999999999999972,-5.200000000000003,0.0,0,0,-3,-3.4656084656079997,0,0,0,1,5.800000000000011,-0.6000000000000014,9.399999999999999,2.8000000000000043,-5.600000000000001,3.0,0.0,5.800000000000011,-0.7999999999999972,1.4000000000000021,0.9166666666666666,,,
38677,2026-08-03 12:00:00,Round 22,M.C.G.,Melbourne,Fremantle,-192.51444945446588,0.28180852278080054,0,1,1,0,-0.04069767441860467,-0.4,-44.0,2.0,46.0,,,,,,,,,,-0.19999999999999996,-12.5,7.299999999999997,19.799999999999997,0.0,0,0,-3,-31.398780247885,0,1,1,1,-1.0,0.19999999999999574,-2.8000000000000043,-5.399999999999999,2.0,7.199999999999996,-0.3999999999999986,13.599999999999994,-1.1999999999999993,-2.5999999999999996,0.9166666666666666,,,
38681,2026-08-03 12:30:00,Round 22,Adelaide Oval,Adelaide,Richmond,423.3299043900324,0.9314753824057445,0,1,1,0,0.1942219679633867,0.4,62.800000000000004,32.0,-30.80000000000001,,,,,,,,,,0.5,46.5,25.0,-21.5,0.0,0,0,5,43.312434691745004,0,0,0,0,8.599999999999966,3.3999999999999986,0.7999999999999972,1.3999999999999986,15.8,-4.0,5.600000000000001,13.400000000000006,0.0,-0.1999999999999993,0.9166666666666666,,,
38682,2026-08-03 14:00:00,Round 22,Perth Stadium,West Coast,Collingwood,-434.8172036548733,0.0886432006756009,0,1,1,0,-0.22938689217758984,0.0,-35.0,-0.5999999999999943,34.400000000000006,,,,,,,,,,-0.3,-49.699999999999996,-8.0,41.7,0.0,0,0,-2,-28.2187326712708,0,0,0,0,-38.400000000000034,-5.799999999999997,5.800000000000004,9.799999999999997,3.799999999999997,-2.5999999999999943,-7.399999999999999,-24.200000000000003,4.600000000000001,0.8000000000000007,0.9166666666666666,,,
38688,2026-08-10 12:00:00,Round 23,M.C.G.,Richmond,St Kilda,-237.9487719827191,0.23200053547219304,0,0,1,1,0.13664596273291924,-0.4,-54.400000000000006,-33.39999999999999,21.0,,,,,,,,,,-0.5,-44.3,-24.0,20.299999999999997,0.0,0,0,-4,-29.913419913419908,0,0,0,0,-28.599999999999966,-9.399999999999999,-3.3999999999999986,2.3999999999999986,-7.599999999999998,7.600000000000001,4.399999999999999,-8.200000000000003,-3.1999999999999993,2.599999999999998,0.9583333333333334,,,
38687,2026-08-10 12:00:00,Round 23,Docklands,North Melbourne,Geelong,-382.3926834205531,0.1162392977505317,0,0,1,0,-0.3096348096348096,-0.20000000000000007,-16.8,-11.0,5.799999999999997,,,,,,,,,,-0.19999999999999996,-6.999999999999999,-3.299999999999997,3.6999999999999886,0.0,0,0,6,25.66014290152191,0,0,1,0,26.400000000000034,-6.399999999999999,3.1999999999999957,-5.999999999999993,-1.5999999999999943,-0.3999999999999986,-3.200000000000003,15.0,-1.6000000000000014,5.000000000000002,0.9583333333333334,,,
38686,2026-08-10 12:00:00,Round 23,M.C.G.,Hawthorn,Collingwood,64.28426817102627,0.6324504820488934,0,0,1,1,0.02367357841664164,0.6,31.8,34.2,2.4000000000000057,,,,,,,,,,0.19999999999999996,13.5,27.19999999999999,13.700000000000003,0.0,0,0,4,20.9488748645375,0,0,1,0,4.399999999999977,7.400000000000006,5.0,1.3999999999999986,14.0,-2.3999999999999986,-5.399999999999999,-4.800000000000011,3.3999999999999986,0.3999999999999986,0.9583333333333334,,,
38689,2026-08-10 12:00:00,Round 23,Docklands,Western Bulldogs,Carlton,240.54691820937978,0.8259789833522004,0,0,1,1,0.17692307692307685,0.39999999999999997,13.6,8.0,-5.599999999999994,,,,,,,,,,0.39999999999999997,26.7,19.299999999999997,-7.3999999999999915,0.0,0,0,14,63.44225949489069,1,0,1,0,-4.399999999999977,1.8000000000000043,3.6000000000000014,12.200000000000003,9.399999999999999,-7.399999999999999,-0.20000000000000284,-1.3999999999999915,1.3999999999999986,-1.3999999999999986,0.9583333333333334,,,
38684,2026-08-10 12:00:00,Round 23,M.C.G.,Essendon,Sydney,-319.5970709367307,0.15881725277838646,0,1,1,0,-0.09837209302325578,-0.6000000000000001,-60.2,-25.799999999999997,34.400000000000006,,,,,,,,,,-0.7000000000000001,-64.1,-27.0,37.10000000000001,0.0,0,0,-15,-120.22597838178869,0,1,0,1,-29.600000000000023,-14.400000000000006,-9.799999999999997,-13.600000000000001,-15.199999999999996,-9.599999999999994,5.200000000000003,-1.3999999999999915,4.0,-4.599999999999998,0.9583333333333334,,,
38683,2026-08-10 12:00:00,Round 23,Gabba,Brisbane Lions,Gold Coast,162.26734509508742,0.7515282805730163,0,0,1,0,0.4717109747784594,0.0,-3.4000000000000004,-9.799999999999997,-6.400000000000006,,,,,,,,,,0.0,-2.599999999999998,-1.9000000000000057,0.7000000000000028,0.0,0,0,-6,-42.025089605733996,0,1,0,1,12.0,-1.3999999999999986,12.399999999999999,1.6000000000000014,-10.0,1.6000000000000014,2.799999999999997,20.0,0.20000000000000284,0.1999999999999993,0.9583333333333334,,,
38685,2026-08-10 12:00:00,Round 23,Sydney Showground,Greater Western Sydney,West Coast,372.40811864485477,0.9102300708574986,0,1,1,0,0.22685185185185186,-0.2,21.6,4.599999999999994,-17.0,,,,,,,,,,0.3,52.8,29.19999999999999,-23.60000000000001,0.0,0,0,-4,12.049996814136705,0,0,0,0,59.19999999999999,17.0,1.5999999999999943,-9.799999999999997,-2.799999999999997,8.0,0.8000000000000043,17.39999999999999,-5.600000000000001,1.5999999999999979,0.9583333333333334,,,
38690,2026-08-10 12:30:00,Round 23,Adelaide Oval,Port Adelaide,Melbourne,-23.45383519656548,0.509419573817635,0,1,1,0,0.06892453951277488,-0.19999999999999996,26.799999999999997,3.0,-23.799999999999997,,,,,,,,,,-0.2,-10.4,-12.199999999999989,-1.7999999999999972,0.0,0,0,-1,15.601023017901994,0,0,1,1,-28.200000000000045,-8.0,-4.799999999999997,-3.6000000000000014,-6.200000000000003,-9.799999999999997,-1.6000000000000014,7.200000000000003,4.399999999999999,1.5999999999999996,0.9583333333333334,,,
38691,2026-08-10 14:00:00,Round 23,Perth Stadium,Fremantle,Adelaide,17.47809218352063,0.5679043100957577,0,1,1,0,0.17857142857142855,0.6,31.799999999999997,0.0,-31.799999999999997,,,,,,,,,,0.19999999999999996,14.0,4.0,-10.0,0.0,0,0,9,34.0717753011609,1,0,1,0,20.200000000000045,8.200000000000003,6.200000000000003,7.0,-0.3999999999999986,-2.6000000000000014,-7.800000000000004,-18.0,1.0,-0.8000000000000007,0.9583333333333334,,,
38693,2026-08-17 12:00:00,Round 24,Docklands,Carlton,Fremantle,-244.0606678965196,0.22579096732853685,0,1,1,0,-0.1428571428571428,-0.8,-46.8,-6.799999999999997,40.0,,,,,,,,,,-0.39999999999999997,-20.8,-4.299999999999997,16.5,0.0,0,0,-11,-56.5024601637877,0,1,0,1,12.599999999999966,-3.8000000000000043,-1.0,-17.0,-9.200000000000003,4.199999999999996,1.8000000000000043,11.399999999999991,-1.0,0.0,1.0,,,
38692,2026-08-17 12:00:00,Round 24,M.C.G.,Collingwood,Brisbane Lions,-101.10430820146667,0.39907774954508346,0,1,1,0,0.24331467661691542,-0.19999999999999996,-20.6,-25.60000000000001,-5.0,,,,,,,,,,-0.09999999999999998,-17.900000000000002,-26.39999999999999,-8.5,0.0,0,0,-1,-17.4832663989295,0,0,0,0,-10.199999999999989,-6.800000000000004,-14.399999999999999,-4.200000000000003,-8.399999999999999,-0.6000000000000014,5.399999999999999,-1.0,-2.6000000000000014,-1.8000000000000007,1.0,,,
38694,2026-08-17 12:00:00,Round 24,Docklands,Essendon,Port Adelaide,-111.14097417195467,0.38530641810680416,0,1,1,0,-0.02015250544662306,-0.2,-31.799999999999997,-7.799999999999997,24.0,,,,,,,,,,-0.19999999999999998,-20.6,-5.5,15.100000000000009,0.0,0,0,-9,-54.9833033650137,0,0,0,1,5.800000000000011,-5.600000000000001,-5.399999999999999,-6.799999999999997,-10.399999999999999,1.2000000000000028,4.800000000000004,-18.599999999999994,-1.1999999999999993,-0.3999999999999986,1.0,,,
38695,2026-08-17 12:00:00,Round 24,Kardinia Park,Geelong,Richmond,504.4051136930291,0.9559037768835684,0,0,1,0,0.7971014492753623,0.8,87.80000000000001,48.2,-39.60000000000001,,,,,,,,,,0.7,62.2,41.8,-20.39999999999999,0.0,0,0,7,33.594566353187,0,0,0,0,27.599999999999966,13.199999999999996,7.0,10.199999999999996,8.999999999999996,-4.200000000000003,-2.799999999999997,3.0,6.800000000000001,-3.5999999999999996,1.0,,,
38696,2026-08-17 12:00:00,Round 24,M.C.G.,Melbourne,Western Bulldogs,-189.00069976732607,0.2859202749800225,0,0,1,1,-0.05793905372894953,0.0,-10.799999999999999,0.7999999999999972,11.599999999999994,,,,,,,,,,-0.19999999999999996,-18.4,-7.700000000000003,10.699999999999989,0.0,0,0,-6,-38.33857957898799,0,1,1,1,-9.199999999999989,2.1999999999999957,-5.400000000000006,-0.6000000000000014,1.8000000000000043,10.399999999999999,-2.0,3.5999999999999943,-1.5999999999999979,-1.200000000000001,1.0,,,
38697,2026-08-17 12:00:00,Round 24,Docklands,St Kilda,Gold Coast,-127.06237246809201,0.36383999158104785,0,1,1,0,0.13150183150183148,-0.19999999999999996,-22.6,-17.400000000000006,5.200000000000003,,,,,,,,,,-0.09999999999999998,-21.599999999999998,-18.900000000000006,2.700000000000003,0.0,0,0,-11,-66.60661918726399,0,1,0,1,-2.400000000000034,-3.0,2.6000000000000014,-6.600000000000001,-15.600000000000001,-3.1999999999999957,0.0,4.599999999999994,1.8000000000000007,-3.0,1.0,,,
38698,2026-08-17 12:00:00,Round 24,S.C.G.,Sydney,North Melbourne,311.28337841482175,0.8770283038512714,0,1,1,0,0.38561438561438566,0.20000000000000007,34.8,17.799999999999997,-17.0,,,,,,,,,,0.30000000000000004,25.900000000000002,7.1000000000000085,-18.799999999999997,0.0,0,0,3,67.57441852498899,1,0,1,1,-19.0,5.800000000000004,-6.399999999999999,2.0,8.599999999999994,6.199999999999996,1.3999999999999986,-19.0,-6.199999999999999,0.7999999999999972,1.0,,,
38699,2026-08-17 12:30:00,Round 24,Adelaide Oval,Adelaide,Greater Western Sydney,59.564808055619096,0.626112818914518,0,1,1,0,0.16447368421052633,0.2,23.200000000000003,12.600000000000009,-10.600000000000009,,,,,,,,,,0.0,-2.0,-10.799999999999997,-8.799999999999997,0.0,0,0,3,22.4694874528587,0,0,0,0,-45.0,-12.0,-5.399999999999999,-0.20000000000000284,10.0,-6.0,8.399999999999999,-2.3999999999999915,2.0,-1.3999999999999986,1.0,,,
38700,2026-08-17 14:00:00,Round 24,Perth Stadium,West Coast,Hawthorn,-499.1014718258996,0.0629518133999264,0,1,1,0,0.0736434108527132,-0.6,-66.80000000000001,-34.8,32.0,,,,,,,,,,-0.49999999999999994,-63.199999999999996,-35.19999999999999,28.0,0.0,0,0,-6,-49.1676075358083,0,0,0,1,-42.80000000000001,-13.200000000000003,0.8000000000000043,8.399999999999999,-10.200000000000003,-0.19999999999999574,-2.0,-19.39999999999999,1.2000000000000028,0.40000000000000213,1.0,,,
